time,open,high,low,close,volume
1609459200,100.000000,100.009759,99.292407,99.511525,892.933765
1609462800,99.511525,99.865967,99.221789,99.859623,309.527141
1609466400,99.859623,100.054711,99.092507,99.112373,480.487573
1609470000,99.112373,99.557868,98.952310,99.035842,655.219819
1609473600,99.035842,99.352140,98.979493,99.124171,702.597449
1609477200,99.124171,99.892853,99.042190,99.793107,396.765344
1609480800,99.793107,100.068558,99.629282,99.797425,399.988804
1609484400,99.797425,99.947661,99.456269,99.668653,375.235162
1609488000,99.668653,99.702447,99.145539,99.243444,568.769205
1609491600,99.243444,99.768564,99.129171,99.740941,311.053373
1609495200,99.740941,99.821816,99.538344,99.765192,360.928977
1609498800,99.765192,100.206012,99.613729,100.063010,265.637306
1609502400,100.063010,100.092355,99.891946,100.029892,726.294644
1609506000,100.029892,100.212757,99.926680,100.045694,591.075070
1609509600,100.045694,100.918805,100.042015,100.772647,363.704741
1609513200,100.772647,100.892719,100.319253,100.517618,365.522951
1609516800,100.517618,100.694912,100.186311,100.538749,170.614322
1609520400,100.538749,100.601304,100.180815,100.240764,282.546529
1609524000,100.240764,100.460879,100.140718,100.328891,824.883128
1609527600,100.328891,100.950375,100.061876,100.881374,601.763651
1609531200,100.881374,101.105797,100.817974,100.893407,423.076416
1609534800,100.893407,101.093515,100.351828,100.461702,243.411458
1609538400,100.461702,100.484227,99.835944,99.957765,299.566071
1609542000,99.957765,100.738655,99.905129,100.419756,513.688494
1609545600,100.419756,101.463114,100.332244,101.459212,510.481573
1609549200,101.459212,101.798864,101.437813,101.695731,273.608611
1609552800,101.695731,101.854006,101.376252,101.410376,453.630400
1609556400,101.410376,102.029641,101.255812,101.820433,205.917280
1609560000,101.820433,102.383944,101.621581,102.235971,262.631439
1609563600,102.235971,102.719035,102.018861,102.424727,601.347625
1609567200,102.424727,102.651082,102.298304,102.626355,333.992938
1609570800,102.626355,102.725417,102.454038,102.656251,375.630378
1609574400,102.656251,102.661279,102.337916,102.498617,253.731074
1609578000,102.498617,102.574434,101.915148,101.977498,341.911909
1609581600,101.977498,102.149669,101.760753,101.979810,277.638269
1609585200,101.979810,102.402150,101.831050,102.248988,549.214633
1609588800,102.248988,103.228957,102.037702,103.078408,294.270623
1609592400,103.078408,103.129135,102.581171,102.791014,1395.607897
1609596000,102.791014,102.934454,102.521712,102.555822,245.675349
1609599600,102.555822,102.592088,101.965411,102.177031,657.898838
1609603200,102.177031,102.258930,102.122878,102.160381,483.161514
1609606800,102.160381,103.062401,102.090281,102.928203,385.243352
1609610400,102.928203,103.672361,102.923666,103.588787,521.236666
1609614000,103.588787,103.874281,103.527585,103.765639,418.260974
1609617600,103.765639,104.053092,103.660333,103.854698,634.718944
1609621200,103.854698,104.002466,103.747904,103.864099,360.769500
1609624800,103.864099,103.898145,103.517629,103.627894,419.116372
1609628400,103.627894,103.901769,103.235271,103.263339,876.851658
1609632000,103.263339,104.432997,102.982158,104.412917,392.631710
1609635600,104.412917,105.027916,104.406020,104.963468,480.492431
1609639200,104.963468,105.077742,103.983760,104.151100,265.938719
1609642800,104.151100,104.309834,103.499691,103.607089,486.518535
1609646400,103.607089,103.836197,103.189307,103.245421,472.128745
1609650000,103.245421,103.432529,103.079612,103.319651,306.096879
1609653600,103.319651,103.768245,103.095490,103.671944,826.098935
1609657200,103.671944,103.681297,103.235381,103.256294,351.431737
1609660800,103.256294,103.654651,102.988738,103.495749,578.583994
1609664400,103.495749,103.630663,103.054333,103.205969,615.095044
1609668000,103.205969,103.929247,103.037894,103.715325,224.966730
1609671600,103.715325,103.956257,102.995563,103.126053,766.395704
1609675200,103.126053,103.302054,102.964486,103.054026,239.091933
1609678800,103.054026,103.056596,102.302797,102.422251,309.370248
1609682400,102.422251,102.587724,102.402561,102.554265,505.464182
1609686000,102.554265,103.487204,102.457720,103.352942,371.225001
1609689600,103.352942,103.374466,102.975030,103.098227,249.369596
1609693200,103.098227,103.154626,102.774555,102.808192,367.460229
1609696800,102.808192,102.955041,102.529344,102.752405,360.231990
1609700400,102.752405,103.166207,102.241903,102.493745,239.252335
1609704000,102.493745,102.713511,102.265448,102.686113,378.064998
1609707600,102.686113,102.723173,102.402600,102.531044,364.317896
1609711200,102.531044,102.836984,102.392042,102.519952,380.395473
1609714800,102.519952,103.106599,102.515012,102.909524,460.826484
1609718400,102.909524,103.352440,102.889550,103.197911,291.056568
1609722000,103.197911,103.706478,103.169472,103.596447,600.667274
1609725600,103.596447,103.681760,102.481215,102.514119,3640.466311
1609729200,102.514119,102.738750,102.108991,102.354396,526.038224
1609732800,102.354396,102.372402,102.048185,102.106567,372.564729
1609736400,102.106567,102.195093,101.560964,101.771087,274.859481
1609740000,101.771087,101.838488,101.667768,101.782946,440.913598
1609743600,101.782946,101.815312,100.830220,100.976381,315.879390
1609747200,100.976381,101.387885,100.894912,101.277678,554.054491
1609750800,101.277678,101.405192,101.067529,101.370512,403.688174
1609754400,101.370512,101.640418,101.314792,101.526281,165.381793
1609758000,101.526281,101.585297,101.244269,101.453822,587.346303
1609761600,101.453822,101.676796,101.453491,101.576375,468.623450
1609765200,101.576375,101.633715,101.356929,101.546419,422.334940
1609768800,101.546419,101.954735,101.405429,101.704058,335.335586
1609772400,101.704058,101.840227,101.493682,101.778842,351.544040
1609776000,101.778842,102.019458,101.586147,101.968560,323.716460
1609779600,101.968560,102.128091,101.634971,101.708927,170.001613
1609783200,101.708927,102.161725,101.573463,102.119372,244.483851
1609786800,102.119372,102.694006,101.935699,102.687829,191.565935
1609790400,102.687829,103.533259,102.683834,103.457468,278.807127
1609794000,103.457468,103.501761,102.804085,102.842970,240.001758
1609797600,102.842970,103.300329,102.623594,103.178167,464.935895
1609801200,103.178167,103.489112,102.989732,103.365435,208.813218
1609804800,103.365435,103.472193,103.316004,103.445509,307.065824
1609808400,103.445509,103.618350,103.415037,103.612446,458.849712
1609812000,103.612446,103.703085,103.181902,103.326241,570.615978
1609815600,103.326241,103.684012,103.083266,103.616027,363.246203
1609819200,103.616027,103.688587,102.847948,103.293555,215.556505
1609822800,103.293555,103.372408,102.997576,103.067825,398.133495
1609826400,103.067825,103.179367,101.954503,102.004885,601.154739
1609830000,102.004885,102.451614,101.777897,102.176987,357.319760
1609833600,102.176987,102.500142,102.115645,102.362161,302.217970
1609837200,102.362161,102.692214,102.236655,102.486279,283.493919
1609840800,102.486279,102.820000,102.181605,102.186176,485.805879
1609844400,102.186176,102.289332,101.923697,102.081099,405.186288
1609848000,102.081099,102.358099,102.017207,102.256417,366.070054
1609851600,102.256417,102.374682,101.066379,101.315779,372.389670
1609855200,101.315779,101.992947,101.281313,101.914965,753.539347
1609858800,101.914965,102.312175,101.546063,102.235173,2107.534444
1609862400,102.235173,102.813355,102.214460,102.763497,154.880153
1609866000,102.763497,103.145432,102.756675,102.973659,372.317032
1609869600,102.973659,103.624227,102.811340,103.515070,397.586711
1609873200,103.515070,103.638805,103.130829,103.227071,604.886422
1609876800,103.227071,103.727106,103.153909,103.603393,407.052983
1609880400,103.603393,103.753739,103.252275,103.331237,150.982477
1609884000,103.331237,103.449477,103.059237,103.130064,309.969552
1609887600,103.130064,103.287780,102.651440,102.727124,431.431873
1609891200,102.727124,102.828062,101.954340,101.999648,270.609825
1609894800,101.999648,102.609245,101.902604,102.388485,786.952974
1609898400,102.388485,103.228027,102.189431,102.817201,401.938344
1609902000,102.817201,103.130817,102.616060,102.977668,366.560599
1609905600,102.977668,103.155414,102.696231,103.083223,305.399739
1609909200,103.083223,103.139468,102.714976,102.804098,181.886585
1609912800,102.804098,103.506901,102.689319,103.205425,441.659489
1609916400,103.205425,103.475788,103.163808,103.288569,289.144705
1609920000,103.288569,103.485944,103.194860,103.419281,556.377068
1609923600,103.419281,104.736991,103.347719,104.609375,575.971968
1609927200,104.609375,105.111529,104.553189,105.082398,506.507168
1609930800,105.082398,105.366420,105.066080,105.356320,547.438471
1609934400,105.356320,105.545327,104.471403,104.741370,479.379448
1609938000,104.741370,104.747740,104.554990,104.681090,345.648244
1609941600,104.681090,105.028508,104.043446,104.143536,198.487546
1609945200,104.143536,104.588534,104.077088,104.366866,942.473494
1609948800,104.366866,104.627202,103.915794,103.976760,896.812883
1609952400,103.976760,104.108274,103.807975,103.915028,388.034318
1609956000,103.915028,104.098355,103.811183,104.054948,541.603780
1609959600,104.054948,104.635268,103.944490,104.568191,447.474265
1609963200,104.568191,104.668219,104.378510,104.457019,362.225835
1609966800,104.457019,104.568564,104.427584,104.560639,644.014566
1609970400,104.560639,104.765936,104.109098,104.275338,304.527773
1609974000,104.275338,105.295503,104.214935,105.257586,240.206625
1609977600,105.257586,105.392745,105.231287,105.369991,298.080409
1609981200,105.369991,105.550323,104.184809,104.648758,502.574898
1609984800,104.648758,104.657900,104.409217,104.510198,261.581127
1609988400,104.510198,104.884413,104.457211,104.794286,611.090784
1609992000,104.794286,104.975241,104.665945,104.765546,1032.843919
1609995600,104.765546,105.232800,104.645027,105.058342,599.456150
1609999200,105.058342,105.591746,104.822915,105.366419,291.697532
1610002800,105.366419,105.386817,105.105756,105.248097,411.667697
1610006400,105.248097,105.269696,105.006054,105.069277,639.106404
1610010000,105.069277,106.280362,104.862309,106.161862,455.062972
1610013600,106.161862,106.656674,105.780089,105.810978,200.759241
1610017200,105.810978,106.051178,105.781098,106.041425,247.573823
1610020800,106.041425,106.379449,105.805240,105.865406,288.542431
1610024400,105.865406,106.022333,105.824016,105.974288,1203.316810
1610028000,105.974288,106.296118,105.558727,105.636532,247.729880
1610031600,105.636532,105.662106,104.795375,104.853576,220.029671
1610035200,104.853576,105.207036,104.600992,105.160406,330.043828
1610038800,105.160406,105.244365,104.064367,104.196954,238.930929
1610042400,104.196954,104.317660,103.802134,104.012707,588.467780
1610046000,104.012707,104.090602,103.842146,103.923598,944.267381
1610049600,103.923598,104.182507,103.592059,104.142930,413.918165
1610053200,104.142930,104.172451,103.524783,103.810597,398.341826
1610056800,103.810597,104.127953,103.695537,104.116208,422.452815
1610060400,104.116208,104.642249,104.016651,104.413475,507.553973
1610064000,104.413475,104.907595,104.357771,104.670706,388.175522
1610067600,104.670706,104.806287,103.982751,104.190843,424.937820
1610071200,104.190843,104.361287,104.121368,104.249809,429.692648
1610074800,104.249809,104.282946,102.845946,102.917537,390.748290
1610078400,102.917537,103.021878,101.975108,102.089568,379.964250
1610082000,102.089568,102.140792,101.636385,101.884437,330.618204
1610085600,101.884437,102.263801,101.777298,102.157787,174.883532
1610089200,102.157787,102.231313,101.307072,101.637182,445.143093
1610092800,101.637182,101.883581,101.527579,101.613057,351.911154
1610096400,101.613057,102.216880,101.495025,102.101304,788.281635
1610100000,102.101304,102.501797,101.761325,102.301871,346.406302
1610103600,102.301871,102.561833,102.184873,102.232713,679.392378
1610107200,102.232713,102.476576,101.794511,101.880006,284.221532
1610110800,101.880006,102.289069,101.743054,101.998551,192.228375
1610114400,101.998551,102.167625,101.866959,101.883445,250.761833
1610118000,101.883445,103.210827,101.608497,103.147231,458.065184
1610121600,103.147231,103.757290,103.063225,103.638376,296.378515
1610125200,103.638376,104.280349,103.453321,104.161856,1115.880118
1610128800,104.161856,104.486794,103.933742,104.108720,359.948696
1610132400,104.108720,104.404961,104.105042,104.226279,491.231179
1610136000,104.226279,104.281872,103.670914,103.674981,584.138074
1610139600,103.674981,103.764479,103.443551,103.520297,646.476937
1610143200,103.520297,103.678509,103.138264,103.442621,204.528406
1610146800,103.442621,103.632044,103.385481,103.519516,398.079734
1610150400,103.519516,103.650171,103.175125,103.215597,552.200659
1610154000,103.215597,103.537948,103.200853,103.536046,406.916278
1610157600,103.536046,104.623499,103.121078,104.405940,550.202177
1610161200,104.405940,104.533154,103.959066,104.107032,286.526189
1610164800,104.107032,104.553235,104.077288,104.184978,294.599204
1610168400,104.184978,104.551613,104.013351,104.362102,465.053796
1610172000,104.362102,104.807451,104.164976,104.229838,470.051477
1610175600,104.229838,104.529924,104.131857,104.221835,282.359494
1610179200,104.221835,104.800393,104.049139,104.782310,232.535916
1610182800,104.782310,104.886884,104.579337,104.714344,514.638720
1610186400,104.714344,104.988920,104.667654,104.974557,432.092965
1610190000,104.974557,105.898655,104.778490,105.714300,810.233970
1610193600,105.714300,106.222248,105.652034,106.056056,302.698286
1610197200,106.056056,106.744023,105.828677,106.670777,507.436292
1610200800,106.670777,106.902037,106.484841,106.745240,355.214561
1610204400,106.745240,106.839662,105.764927,105.984175,1091.444128
1610208000,105.984175,106.384309,105.811003,106.060683,662.994722
1610211600,106.060683,106.123433,105.816995,106.024677,798.220267
1610215200,106.024677,106.593471,105.945321,106.483371,246.052700
1610218800,106.483371,107.227401,106.220132,107.156841,358.127006
1610222400,107.156841,107.244917,106.777221,106.784789,419.057059
1610226000,106.784789,107.233966,106.707628,107.017311,436.752635
1610229600,107.017311,107.137131,106.144225,106.295843,446.435249
1610233200,106.295843,106.710624,106.258235,106.694573,287.851611
1610236800,106.694573,106.904504,106.451771,106.484587,367.906667
1610240400,106.484587,106.671283,106.368090,106.520937,324.400159
1610244000,106.520937,106.539159,105.690316,105.797292,461.735836
1610247600,105.797292,106.123396,105.716432,106.120416,367.766772
1610251200,106.120416,106.585567,106.027073,106.508907,523.697367
1610254800,106.508907,106.726350,106.132010,106.217803,444.087197
1610258400,106.217803,106.702575,105.921437,106.633553,1472.025850
1610262000,106.633553,106.760162,106.582900,106.698643,604.254799
1610265600,106.698643,106.811745,105.731973,106.026605,569.549574
1610269200,106.026605,106.050455,105.420870,105.691744,359.155730
1610272800,105.691744,105.843757,105.338664,105.767499,290.048365
1610276400,105.767499,106.100107,105.636485,106.031805,308.098333
1610280000,106.031805,106.181989,105.855552,105.861867,759.543154
1610283600,105.861867,106.070973,105.577116,105.596129,555.543782
1610287200,105.596129,105.640930,105.220597,105.244459,855.403814
1610290800,105.244459,105.253942,104.943036,105.129287,424.529664
1610294400,105.129287,105.174203,104.860564,105.035953,262.430167
1610298000,105.035953,105.056301,104.706276,104.914246,301.235857
1610301600,104.914246,105.687700,104.789950,105.527264,452.459757
1610305200,105.527264,105.962696,105.409008,105.814507,377.218434
1610308800,105.814507,105.894790,105.308862,105.389225,584.786339
1610312400,105.389225,105.655519,105.312042,105.547223,251.812584
1610316000,105.547223,106.046388,105.262844,105.878290,335.595369
1610319600,105.878290,106.084011,105.772508,105.936129,798.133527
1610323200,105.936129,105.959266,105.729627,105.831299,677.578899
1610326800,105.831299,106.841066,105.781680,106.778510,603.384687
1610330400,106.778510,107.347627,106.690717,107.167427,550.586327
1610334000,107.167427,107.369619,106.929683,106.965404,323.549474
1610337600,106.965404,107.251829,106.352315,106.499844,291.457753
1610341200,106.499844,106.597580,106.356787,106.423276,465.178326
1610344800,106.423276,106.618518,106.151102,106.201992,169.926645
1610348400,106.201992,106.286184,105.400138,105.512779,710.313688
1610352000,105.512779,105.724064,105.482260,105.666776,332.937274
1610355600,105.666776,105.812850,105.482602,105.805511,247.287462
1610359200,105.805511,106.129771,105.728640,105.949199,380.823110
1610362800,105.949199,106.323809,105.921653,106.299577,586.785639
1610366400,106.299577,106.629048,106.283834,106.581419,434.362036
1610370000,106.581419,107.678791,106.417449,107.477392,509.868391
1610373600,107.477392,107.841293,107.439532,107.681033,264.968870
1610377200,107.681033,108.097758,107.627136,107.844389,225.787372
1610380800,107.844389,108.219322,107.676996,108.174465,293.981545
1610384400,108.174465,108.293553,107.797176,107.963859,276.638866
1610388000,107.963859,108.183627,107.825493,108.049157,296.853016
1610391600,108.049157,108.315326,107.944387,108.270144,1511.955686
1610395200,108.270144,108.644687,107.873556,108.643190,238.422716
1610398800,108.643190,109.145121,108.533827,108.849164,527.819870
1610402400,108.849164,108.881291,108.543675,108.613584,477.123559
1610406000,108.613584,108.637851,108.482110,108.547933,445.659295
1610409600,108.547933,108.870266,108.385755,108.755014,669.029095
1610413200,108.755014,108.785451,108.090407,108.161696,333.485997
1610416800,108.161696,108.220365,107.840037,107.857572,209.038842
1610420400,107.857572,108.090064,107.335126,107.336120,404.158666
1610424000,107.336120,107.430523,107.263219,107.398607,541.873004
1610427600,107.398607,107.504586,107.011321,107.167209,481.823021
1610431200,107.167209,107.192061,105.900543,106.214909,698.479540
1610434800,106.214909,106.376032,106.081151,106.115186,687.250819
1610438400,106.115186,106.126834,105.785643,105.903030,322.729266
1610442000,105.903030,106.189399,105.549734,105.771824,295.493325
1610445600,105.771824,106.128507,105.004412,105.327917,533.796321
1610449200,105.327917,105.588223,105.221143,105.416800,224.363524
1610452800,105.416800,105.774627,105.260998,105.744438,338.261848
1610456400,105.744438,105.930097,105.073588,105.228526,552.806104
1610460000,105.228526,105.746628,104.679874,104.832831,330.585602
1610463600,104.832831,105.730289,104.683901,105.564381,473.105315
1610467200,105.564381,105.758957,104.923632,104.928573,268.044232
1610470800,104.928573,105.014812,104.714880,104.784499,307.336867
1610474400,104.784499,105.617386,104.633459,105.574093,333.144689
1610478000,105.574093,106.279906,105.465376,106.112895,345.961782
1610481600,106.112895,106.279303,106.105780,106.140933,522.238703
1610485200,106.140933,106.307354,105.996940,106.032865,267.866690
1610488800,106.032865,106.626100,105.802385,106.552141,276.544909
1610492400,106.552141,107.627652,106.519841,107.266672,424.642996
1610496000,107.266672,107.611643,106.587765,106.706049,866.923136
1610499600,106.706049,106.918707,106.597043,106.913681,406.770014
1610503200,106.913681,107.052993,106.559334,106.587952,321.984160
1610506800,106.587952,106.698501,106.291386,106.407796,641.362590
1610510400,106.407796,106.444161,105.912743,106.015313,665.522566
1610514000,106.015313,106.065140,105.201227,105.235881,796.061618
1610517600,105.235881,105.330378,105.196769,105.297189,530.893512
1610521200,105.297189,105.561784,104.788889,105.048142,448.450751
1610524800,105.048142,105.285796,104.451912,104.477685,1612.138552
1610528400,104.477685,104.525119,104.434495,104.504242,226.256413
1610532000,104.504242,104.681791,104.433898,104.582056,379.651971
1610535600,104.582056,105.527225,104.579326,105.316563,374.500892
1610539200,105.316563,105.831529,105.159139,105.757848,600.172756
1610542800,105.757848,105.874562,105.216235,105.413885,595.090357
1610546400,105.413885,105.490855,104.943790,105.000561,239.545106
1610550000,105.000561,105.447112,104.945647,105.329423,690.477246
1610553600,105.329423,105.609246,105.056232,105.080936,347.523461
1610557200,105.080936,105.213176,104.788807,104.885238,849.274759
1610560800,104.885238,104.960118,104.641383,104.736711,1192.079139
1610564400,104.736711,105.030111,104.674900,104.813135,499.765007
1610568000,104.813135,105.271704,104.785998,105.232211,513.483447
1610571600,105.232211,105.454208,105.131936,105.349629,400.062009
1610575200,105.349629,106.068424,105.307858,106.016477,218.310612
1610578800,106.016477,106.094353,105.482295,105.733754,328.750853
1610582400,105.733754,105.768360,105.050200,105.062573,528.876829
1610586000,105.062573,105.200073,104.821897,105.052334,310.965885
1610589600,105.052334,105.601235,104.834022,105.590805,187.831016
1610593200,105.590805,105.716868,105.548259,105.600174,236.014525
1610596800,105.600174,105.946560,105.495772,105.871164,471.301335
1610600400,105.871164,105.985019,105.642544,105.755839,240.621812
1610604000,105.755839,105.777244,105.210880,105.334837,347.204347
1610607600,105.334837,106.057371,105.295465,105.866806,678.309844
1610611200,105.866806,105.901600,105.435119,105.620761,472.948209
1610614800,105.620761,106.257403,105.338507,105.939781,346.743254
1610618400,105.939781,106.003509,105.532923,105.648353,479.710041
1610622000,105.648353,105.900370,105.443020,105.576649,246.236688
1610625600,105.576649,105.999738,105.501808,105.873572,1011.825279
1610629200,105.873572,105.946712,105.398765,105.442481,618.580537
1610632800,105.442481,106.271686,105.345213,106.015042,505.021737
1610636400,106.015042,106.483950,105.760585,106.302746,477.054041
1610640000,106.302746,106.316159,105.854617,105.931053,937.216664
1610643600,105.931053,105.959844,105.669935,105.695248,342.771867
1610647200,105.695248,105.876302,105.269882,105.331422,568.658059
1610650800,105.331422,105.939320,105.209929,105.746720,440.729387
1610654400,105.746720,106.072044,105.466988,106.047389,334.361139
1610658000,106.047389,106.149526,105.481617,105.722338,1455.227287
1610661600,105.722338,105.840616,105.393011,105.415113,414.807966
1610665200,105.415113,105.668878,105.168255,105.237520,266.807671
1610668800,105.237520,105.721392,105.139812,105.542325,203.812390
1610672400,105.542325,105.661217,105.529264,105.614095,711.020649
1610676000,105.614095,105.710256,105.391292,105.520784,468.601675
1610679600,105.520784,105.792022,105.375595,105.404244,471.079332
1610683200,105.404244,106.171618,105.355367,106.133913,460.815146
1610686800,106.133913,106.372532,105.411025,105.587183,626.785380
1610690400,105.587183,105.896318,105.516164,105.867495,187.110034
1610694000,105.867495,105.947842,105.769004,105.856802,438.528500
1610697600,105.856802,105.887041,105.256537,105.309340,177.911230
1610701200,105.309340,105.503123,105.205633,105.300334,617.200480
1610704800,105.300334,105.635848,105.143636,105.180977,447.328161
1610708400,105.180977,105.223537,104.912289,105.049877,275.567234
1610712000,105.049877,105.942819,104.942162,105.919579,322.108411
1610715600,105.919579,106.314357,105.575348,106.251002,224.457417
1610719200,106.251002,106.274960,105.947493,105.984345,395.349355
1610722800,105.984345,106.048085,105.518472,105.527375,253.339064
1610726400,105.527375,105.757061,105.453755,105.505403,373.219981
1610730000,105.505403,105.694501,105.207964,105.302500,540.700250
1610733600,105.302500,105.699190,105.118030,105.653161,339.573363
1610737200,105.653161,106.796598,105.509370,106.435439,376.810696
1610740800,106.435439,106.720797,106.378256,106.592774,1098.772686
1610744400,106.592774,106.765506,105.757212,105.883348,346.242943
1610748000,105.883348,106.293057,105.558982,105.678913,614.475154
1610751600,105.678913,105.689644,104.748931,104.791772,282.105835
1610755200,104.791772,105.124110,104.562389,105.105066,319.914095
1610758800,105.105066,105.175962,104.716874,104.728513,483.503412
1610762400,104.728513,104.871730,104.606671,104.622054,621.308475
1610766000,104.622054,104.851222,103.988913,104.173249,469.579114
1610769600,104.173249,104.730843,103.856282,104.587126,283.612400
1610773200,104.587126,104.935058,104.544073,104.780256,470.966697
1610776800,104.780256,104.960405,104.698716,104.922500,334.398466
1610780400,104.922500,105.136711,104.334375,104.774423,471.065486
1610784000,104.774423,104.934148,104.661057,104.691698,328.759118
1610787600,104.691698,105.126923,104.551417,104.821512,640.751221
1610791200,104.821512,104.988887,104.535221,104.587684,1362.582709
1610794800,104.587684,104.593019,104.113198,104.229626,785.100839
1610798400,104.229626,104.643143,103.600908,103.840259,235.047866
1610802000,103.840259,104.567676,103.531687,104.405815,458.938261
1610805600,104.405815,104.704611,104.327287,104.393878,535.583050
1610809200,104.393878,104.669314,103.976902,104.015039,402.726197
1610812800,104.015039,104.622872,103.990118,104.312789,434.780657
1610816400,104.312789,104.340022,103.863344,104.006066,605.439066
1610820000,104.006066,104.237139,103.721937,104.114497,399.266312
1610823600,104.114497,104.343463,104.017609,104.128070,196.128743
1610827200,104.128070,104.312164,104.085656,104.124204,683.340066
1610830800,104.124204,104.309594,103.886348,104.049734,602.898783
1610834400,104.049734,104.301482,103.807860,104.273181,348.968730
1610838000,104.273181,104.273460,104.255644,104.267736,241.522890
1610841600,104.267736,104.749497,104.124408,104.593279,243.336984
1610845200,104.593279,104.850595,104.493633,104.767665,405.490052
1610848800,104.767665,105.098844,104.627417,104.812936,240.367357
1610852400,104.812936,105.202516,104.799116,105.107372,267.617043
1610856000,105.107372,105.399333,104.968587,105.270728,354.589021
1610859600,105.270728,105.325567,105.199971,105.271129,215.471930
1610863200,105.271129,105.492265,104.937376,105.020668,650.004098
1610866800,105.020668,105.546670,104.980607,105.490201,539.846599
1610870400,105.490201,105.581443,105.043652,105.088889,164.819908
1610874000,105.088889,105.192689,104.338155,104.457844,336.047634
1610877600,104.457844,104.593838,103.952365,104.173023,648.696671
1610881200,104.173023,105.264966,103.767049,105.130514,456.545522
1610884800,105.130514,105.374321,103.869074,103.978953,310.175171
1610888400,103.978953,104.067488,103.943951,103.994124,361.941610
1610892000,103.994124,104.347800,103.729527,104.001820,996.919912
1610895600,104.001820,104.025502,103.810692,103.834826,192.056718
1610899200,103.834826,103.900000,103.095302,103.120631,257.578659
1610902800,103.120631,103.167162,102.504863,102.676733,271.677550
1610906400,102.676733,102.780332,101.925098,102.290170,344.448273
1610910000,102.290170,103.060755,102.028439,102.889194,694.298373
1610913600,102.889194,103.228934,102.874433,103.000609,357.867773
1610917200,103.000609,103.422847,102.718323,103.211488,424.773036
1610920800,103.211488,103.610846,103.169773,103.497312,633.048716
1610924400,103.497312,104.163641,103.290951,103.796268,931.415817
1610928000,103.796268,104.114550,103.685516,103.887292,211.827126
1610931600,103.887292,103.966001,103.249577,103.433320,258.478797
1610935200,103.433320,103.868470,103.432329,103.830992,895.163745
1610938800,103.830992,104.118295,103.291061,104.073516,321.259013
1610942400,104.073516,104.690300,103.896558,104.383727,452.106137
1610946000,104.383727,104.516749,103.580950,103.620125,401.175194
1610949600,103.620125,103.690916,103.200552,103.250029,692.890999
1610953200,103.250029,104.666761,103.159796,104.506025,918.795534
1610956800,104.506025,105.246933,104.494201,105.079261,335.659928
1610960400,105.079261,105.165490,105.066515,105.138758,341.068668
1610964000,105.138758,105.307653,105.008469,105.024129,1029.573297
1610967600,105.024129,105.447228,104.726069,105.281212,304.769941
1610971200,105.281212,105.604046,105.265214,105.279701,217.952841
1610974800,105.279701,105.341839,105.085151,105.253200,253.473030
1610978400,105.253200,105.986028,105.192083,105.793609,364.638360
1610982000,105.793609,105.907709,105.131196,105.184986,292.284015
1610985600,105.184986,105.453649,104.738049,105.269245,568.020202
1610989200,105.269245,105.640635,105.206948,105.249766,419.575207
1610992800,105.249766,105.639754,105.151363,105.522377,376.149228
1610996400,105.522377,106.091170,105.501677,106.047537,230.945956
1611000000,106.047537,106.055034,105.329065,105.403180,424.853475
1611003600,105.403180,105.769226,105.255651,105.265478,349.955054
1611007200,105.265478,106.355893,105.159159,106.141858,226.127984
1611010800,106.141858,106.734014,105.978123,106.611369,578.552507
1611014400,106.611369,106.793057,106.278836,106.296476,380.174296
1611018000,106.296476,106.424076,106.216835,106.290785,378.672990
1611021600,106.290785,106.531294,106.268329,106.398588,373.441524
1611025200,106.398588,106.674578,106.300617,106.583011,234.026221
1611028800,106.583011,107.380572,106.506364,107.238269,386.680759
1611032400,107.238269,107.536883,106.867878,107.011271,467.220703
1611036000,107.011271,107.368558,106.435003,106.629589,335.910984
1611039600,106.629589,106.700355,106.556512,106.608651,401.997466
1611043200,106.608651,106.963126,106.282978,106.781290,431.774078
1611046800,106.781290,107.185367,106.650896,106.817560,491.628324
1611050400,106.817560,108.220990,106.502987,108.187359,209.617940
1611054000,108.187359,108.216204,107.229733,107.449546,427.736528
1611057600,107.449546,108.033158,107.326575,107.945934,2549.709599
1611061200,107.945934,108.209528,107.692040,108.158291,366.109028
1611064800,108.158291,108.187770,107.759217,107.796096,722.882378
1611068400,107.796096,108.158535,107.728110,107.952214,324.655806
1611072000,107.952214,108.490189,107.774933,108.419584,693.634435
1611075600,108.419584,108.921733,108.344591,108.839302,206.357946
1611079200,108.839302,108.989972,108.242676,108.291084,323.742475
1611082800,108.291084,108.525847,107.832538,107.890855,405.454667
1611086400,107.890855,108.556770,107.876090,108.336383,508.304171
1611090000,108.336383,108.378721,108.253244,108.287096,276.566791
1611093600,108.287096,108.339938,107.282760,107.454188,381.971464
1611097200,107.454188,107.782146,107.442450,107.717244,558.118941
1611100800,107.717244,107.897322,107.246895,107.301377,342.460582
1611104400,107.301377,108.161688,107.078516,108.072150,315.025807
1611108000,108.072150,108.947560,108.051461,108.921259,502.539752
1611111600,108.921259,109.441288,108.918036,109.158710,413.706084
1611115200,109.158710,109.390637,108.814911,108.983758,397.571317
1611118800,108.983758,109.547900,108.898027,109.533875,192.952352
1611122400,109.533875,109.546695,109.494760,109.542277,504.185448
1611126000,109.542277,109.588002,108.334278,108.492242,361.193611
1611129600,108.492242,108.505441,108.113162,108.256284,300.522690
1611133200,108.256284,109.309734,108.236192,109.106129,327.203558
1611136800,109.106129,109.416059,109.000738,109.256523,436.574051
1611140400,109.256523,109.391445,108.525138,108.686310,316.636890
1611144000,108.686310,108.872916,107.815425,108.097442,316.802453
1611147600,108.097442,108.168755,107.811363,107.951216,696.782134
1611151200,107.951216,107.989368,107.246277,107.512052,471.283735
1611154800,107.512052,107.546680,107.337869,107.518345,404.301896
1611158400,107.518345,107.746266,107.010692,107.101036,616.977651
1611162000,107.101036,107.829102,107.084792,107.814250,596.180057
1611165600,107.814250,107.971227,106.998500,107.119506,247.815983
1611169200,107.119506,107.277381,107.006184,107.049334,581.795937
1611172800,107.049334,107.758445,106.966440,107.705775,739.587268
1611176400,107.705775,107.798398,107.516918,107.563563,426.144022
1611180000,107.563563,107.580725,107.449023,107.568765,413.535347
1611183600,107.568765,108.195915,107.310691,108.069776,240.519491
1611187200,108.069776,108.337772,107.917183,108.141921,481.396483
1611190800,108.141921,108.391483,107.103347,107.342571,571.286181
1611194400,107.342571,107.521306,107.043989,107.076354,364.315944
1611198000,107.076354,107.610067,106.836086,107.463536,815.752211
1611201600,107.463536,107.539567,107.090289,107.277822,246.093432
1611205200,107.277822,107.446529,106.605949,106.690231,304.957865
1611208800,106.690231,107.017327,106.611153,106.774994,566.198818
1611212400,106.774994,106.905517,106.528367,106.544565,224.451416
1611216000,106.544565,106.666855,106.384697,106.420093,1148.056319
1611219600,106.420093,106.499373,106.227582,106.342400,272.598103
1611223200,106.342400,106.670101,105.828237,105.863989,586.382906
1611226800,105.863989,106.009136,105.691885,105.796834,534.875771
1611230400,105.796834,106.237297,105.632923,106.012542,524.922392
1611234000,106.012542,106.328080,105.863227,105.909508,194.846607
1611237600,105.909508,106.177588,105.609771,105.715527,435.563881
1611241200,105.715527,105.905193,105.038779,105.269103,583.476632
1611244800,105.269103,105.531531,105.203148,105.213752,243.153712
1611248400,105.213752,105.321863,104.795974,104.928269,225.445309
1611252000,104.928269,105.515535,104.719816,105.388391,374.610224
1611255600,105.388391,105.480340,105.121672,105.147924,392.118911
1611259200,105.147924,105.262316,105.057785,105.112008,219.586511
1611262800,105.112008,105.317875,104.954390,105.201748,863.029462
1611266400,105.201748,105.630656,104.412430,104.577517,434.804911
1611270000,104.577517,104.724027,104.157252,104.217779,361.285197
1611273600,104.217779,104.283278,103.246831,103.387615,574.555497
1611277200,103.387615,104.176002,103.052815,103.962205,308.605473
1611280800,103.962205,104.167456,103.321654,103.564088,402.436697
1611284400,103.564088,103.678591,103.351952,103.613699,668.451850
1611288000,103.613699,104.608045,103.451129,104.357650,455.559308
1611291600,104.357650,104.509385,103.952858,104.431043,446.533085
1611295200,104.431043,104.945569,104.316313,104.915926,471.375064
1611298800,104.915926,104.989512,104.390199,104.510492,370.841034
1611302400,104.510492,104.771217,104.347413,104.626329,489.781640
1611306000,104.626329,104.704453,104.440194,104.468175,699.161541
1611309600,104.468175,104.582791,104.217158,104.324168,489.751395
1611313200,104.324168,104.548420,104.209022,104.511268,197.583757
1611316800,104.511268,105.169406,104.350032,105.101858,288.473732
1611320400,105.101858,105.310876,104.828440,105.051692,495.516291
1611324000,105.051692,105.112526,104.485255,104.560270,1920.375198
1611327600,104.560270,105.555018,104.534652,105.429977,294.469998
1611331200,105.429977,105.906741,105.426047,105.791744,303.373455
1611334800,105.791744,106.247343,105.696014,106.236980,180.869314
1611338400,106.236980,106.396460,106.129699,106.373139,382.217152
1611342000,106.373139,106.738598,106.221005,106.509710,607.891738
1611345600,106.509710,106.706472,106.279045,106.597681,187.373798
1611349200,106.597681,106.760893,106.222812,106.391143,397.447131
1611352800,106.391143,106.786648,106.287448,106.359766,662.829990
1611356400,106.359766,107.279078,106.175468,107.051971,400.181133
1611360000,107.051971,107.105759,106.742189,106.819626,605.568684
1611363600,106.819626,106.862877,106.777000,106.783045,870.908183
1611367200,106.783045,106.967818,106.014676,106.347927,398.034381
1611370800,106.347927,106.678561,106.280510,106.452664,200.290069
1611374400,106.452664,106.764740,106.386483,106.740456,480.422163
1611378000,106.740456,106.950298,106.284422,106.372111,232.450217
1611381600,106.372111,106.468836,106.107280,106.129459,471.254982
1611385200,106.129459,106.189553,105.986931,106.040337,279.991026
1611388800,106.040337,106.172682,105.909112,106.069828,377.920585
1611392400,106.069828,106.110677,105.471049,105.591139,226.309179
1611396000,105.591139,105.629485,105.277553,105.333316,587.577791
1611399600,105.333316,105.540095,105.008212,105.465504,371.790692
1611403200,105.465504,105.853909,105.391979,105.683264,554.936078
1611406800,105.683264,105.774654,104.943746,105.320400,267.049915
1611410400,105.320400,105.898887,105.243260,105.889099,429.202954
1611414000,105.889099,105.897657,105.188013,105.633533,228.773086
1611417600,105.633533,105.728463,104.347504,104.679987,752.043565
1611421200,104.679987,105.148390,104.400963,105.011581,538.895444
1611424800,105.011581,105.680403,104.946317,105.628204,717.380588
1611428400,105.628204,105.861446,105.361951,105.836614,314.629931
1611432000,105.836614,106.425269,105.703311,106.105337,229.151877
1611435600,106.105337,106.428124,105.869359,106.412400,694.771263
1611439200,106.412400,106.700466,106.285304,106.468244,315.845855
1611442800,106.468244,106.689727,106.337605,106.680527,257.352443
1611446400,106.680527,107.058989,106.529705,106.835556,196.148497
1611450000,106.835556,106.836860,106.325157,106.460981,471.367905
1611453600,106.460981,107.334895,106.340268,107.295923,216.077564
1611457200,107.295923,107.402637,106.603712,106.794983,1604.890723
1611460800,106.794983,107.137405,106.507692,106.763027,283.287837
1611464400,106.763027,107.230405,106.633064,107.000930,504.070649
1611468000,107.000930,107.192958,106.196120,106.399228,573.325582
1611471600,106.399228,106.997775,106.299346,106.801370,336.943762
1611475200,106.801370,106.967272,106.501212,106.600426,428.308089
1611478800,106.600426,107.370043,106.581733,107.256595,602.035383
1611482400,107.256595,107.674968,107.090722,107.604569,290.053742
1611486000,107.604569,107.999161,107.266543,107.389173,735.544454
1611489600,107.389173,108.278452,107.252968,108.238158,341.082348
1611493200,108.238158,108.381697,107.749667,107.922503,530.735415
1611496800,107.922503,108.520402,107.857473,108.306289,235.692731
1611500400,108.306289,108.482837,107.866684,107.927944,421.982410
1611504000,107.927944,108.046110,107.211451,107.319400,419.844809
1611507600,107.319400,107.503221,107.041657,107.158619,539.646507
1611511200,107.158619,107.404102,106.720854,106.994072,718.381709
1611514800,106.994072,107.049646,106.799410,107.038452,596.050279
1611518400,107.038452,107.492792,106.919777,107.415815,497.196015
1611522000,107.415815,107.743659,107.364239,107.577990,417.441439
1611525600,107.577990,108.712498,107.510707,108.300026,263.742344
1611529200,108.300026,108.346056,107.667050,107.989557,290.028618
1611532800,107.989557,108.026055,107.484444,107.487064,406.833014
1611536400,107.487064,107.604313,107.424529,107.551796,261.594541
1611540000,107.551796,107.579775,107.165950,107.450171,439.502422
1611543600,107.450171,107.617869,107.395310,107.612451,342.448811
1611547200,107.612451,107.732796,107.008840,107.062689,602.004889
1611550800,107.062689,107.204313,106.514553,106.692178,404.000328
1611554400,106.692178,107.096089,106.446791,106.833536,432.658699
1611558000,106.833536,107.019927,106.540242,106.674147,472.858494
1611561600,106.674147,106.767104,106.515925,106.557870,578.970818
1611565200,106.557870,106.823892,106.391102,106.439420,438.355663
1611568800,106.439420,106.463048,106.188522,106.329280,294.863283
1611572400,106.329280,106.992515,105.970506,106.751936,408.285755
1611576000,106.751936,107.056543,106.058288,106.080717,389.515761
1611579600,106.080717,106.327907,105.887436,105.902267,765.239047
1611583200,105.902267,106.112867,104.785824,104.788014,611.418864
1611586800,104.788014,104.839265,104.265659,104.429476,459.378710
1611590400,104.429476,104.544138,104.206151,104.241767,1302.635335
1611594000,104.241767,104.294574,103.797215,104.029825,549.625372
1611597600,104.029825,104.094942,103.833619,104.006550,818.893233
1611601200,104.006550,104.308777,103.808494,104.169406,902.270920
1611604800,104.169406,104.997147,104.031650,104.798186,459.063837
1611608400,104.798186,105.457911,104.593703,105.449097,197.620274
1611612000,105.449097,105.663783,105.328021,105.645010,410.838375
1611615600,105.645010,106.087742,105.425091,105.880597,534.746707
1611619200,105.880597,106.178981,105.797181,106.125930,221.073328
1611622800,106.125930,106.273255,105.903800,106.255533,347.921066
1611626400,106.255533,106.662082,105.626968,105.740586,672.005009
1611630000,105.740586,105.915226,105.064094,105.123954,1184.933113
1611633600,105.123954,105.410342,104.719863,104.841069,327.335036
1611637200,104.841069,104.867357,104.143973,104.245243,581.238097
1611640800,104.245243,104.302782,103.947703,104.042315,323.384166
1611644400,104.042315,104.365368,103.691039,103.811875,285.683030
1611648000,103.811875,104.037889,103.654650,104.005912,338.626851
1611651600,104.005912,104.136546,103.811204,104.064826,227.480977
1611655200,104.064826,104.107005,103.637508,103.802750,489.594603
1611658800,103.802750,103.812522,103.793168,103.798492,399.400910
1611662400,103.798492,103.928796,103.746525,103.754579,452.153927
1611666000,103.754579,104.794513,103.746861,104.661308,337.027317
1611669600,104.661308,105.548116,104.646409,105.303992,275.230632
1611673200,105.303992,106.187815,104.984290,105.815344,378.893953
1611676800,105.815344,106.097597,105.723578,106.096541,394.775156
1611680400,106.096541,106.202749,105.514142,105.675571,1418.457511
1611684000,105.675571,105.910679,105.271797,105.338915,360.892293
1611687600,105.338915,105.408149,104.799739,104.959662,423.251403
1611691200,104.959662,105.325842,104.721665,105.148540,288.225288
1611694800,105.148540,105.563298,105.145727,105.541595,268.334530
1611698400,105.541595,105.786935,105.287516,105.510889,352.301845
1611702000,105.510889,105.801292,105.444795,105.714608,516.087181
1611705600,105.714608,106.513209,105.580448,106.372806,586.623110
1611709200,106.372806,107.070902,105.992049,106.918979,419.133564
1611712800,106.918979,107.169848,106.669820,106.903903,287.303478
1611716400,106.903903,107.068948,106.075685,106.184853,253.921611
1611720000,106.184853,106.212139,105.879309,105.932721,458.822292
1611723600,105.932721,106.005526,105.429249,105.613570,1173.602275
1611727200,105.613570,105.625478,104.628966,104.750101,402.794227
1611730800,104.750101,105.037199,103.987586,104.172597,402.281793
1611734400,104.172597,104.188577,103.849429,104.094450,361.301182
1611738000,104.094450,104.274060,103.687856,103.730666,472.896528
1611741600,103.730666,103.900312,103.669135,103.866831,266.628161
1611745200,103.866831,103.916240,103.393411,103.597537,243.795502
1611748800,103.597537,103.841225,103.460687,103.696981,388.355403
1611752400,103.696981,104.379230,103.601693,104.144031,232.258622
1611756000,104.144031,104.165988,103.271664,103.433523,885.288135
1611759600,103.433523,103.478384,103.331455,103.335219,428.474599
1611763200,103.335219,103.911003,103.295176,103.793375,261.893373
1611766800,103.793375,103.929962,103.200752,103.385882,274.128043
1611770400,103.385882,103.866620,103.291810,103.594854,376.534634
1611774000,103.594854,103.843939,102.960942,103.067686,431.352911
1611777600,103.067686,103.256712,102.846875,102.896195,896.640359
1611781200,102.896195,103.536315,102.831375,103.190723,383.304834
1611784800,103.190723,103.277548,103.043036,103.136983,686.209325
1611788400,103.136983,103.274787,102.869955,103.257622,234.778482
1611792000,103.257622,103.332344,102.501936,102.587554,426.390639
1611795600,102.587554,102.776733,102.098032,102.211567,307.390305
1611799200,102.211567,102.759382,102.085696,102.623482,331.960671
1611802800,102.623482,102.673000,102.213278,102.243907,198.572629
1611806400,102.243907,102.665486,102.128124,102.388480,441.216063
1611810000,102.388480,102.878373,102.302102,102.792112,224.590083
1611813600,102.792112,103.013058,102.726634,102.881690,459.856519
1611817200,102.881690,103.291127,102.687162,103.245253,446.229919
1611820800,103.245253,103.276452,103.182255,103.187420,400.295581
1611824400,103.187420,103.514167,102.979805,103.300288,343.422628
1611828000,103.300288,103.349717,102.963962,103.220270,191.720431
1611831600,103.220270,103.781696,102.990156,103.662698,369.641340
1611835200,103.662698,103.835309,103.424394,103.593182,402.901846
1611838800,103.593182,104.000929,103.523022,103.766356,353.104782
1611842400,103.766356,103.844690,103.307019,103.343596,179.441109
1611846000,103.343596,103.611163,103.303515,103.592951,319.294760
1611849600,103.592951,103.598578,102.793812,102.961835,334.179200
1611853200,102.961835,103.020828,102.524862,102.588724,431.089336
1611856800,102.588724,102.862887,102.515352,102.712144,2531.162986
1611860400,102.712144,103.445284,102.434563,103.361665,284.389932
1611864000,103.361665,103.366520,102.855570,103.110321,357.481623
1611867600,103.110321,103.213183,102.837874,102.919726,954.190709
1611871200,102.919726,103.162961,102.852161,103.077863,354.102630
1611874800,103.077863,103.354793,102.885264,103.229257,462.550579
1611878400,103.229257,104.030524,103.012527,103.937672,215.813287
1611882000,103.937672,104.033065,103.319322,103.552504,417.378570
1611885600,103.552504,103.694808,103.292586,103.535996,373.015556
1611889200,103.535996,104.457186,103.423084,104.434513,362.588974
1611892800,104.434513,105.103476,104.178468,104.899797,548.294383
1611896400,104.899797,105.284353,104.779784,104.967416,331.037547
1611900000,104.967416,105.026981,104.498856,104.605267,333.956455
1611903600,104.605267,104.728396,104.127893,104.236285,497.432383
1611907200,104.236285,104.389399,103.674718,103.785569,487.526249
1611910800,103.785569,104.094125,103.769566,103.965180,644.934459
1611914400,103.965180,104.020189,103.862866,103.951210,556.463926
1611918000,103.951210,104.219946,103.714391,104.192611,472.994917
1611921600,104.192611,104.492327,103.860538,104.017343,483.801952
1611925200,104.017343,104.025847,103.524061,103.594031,656.993668
1611928800,103.594031,103.672838,102.956122,102.974883,260.623611
1611932400,102.974883,103.689882,102.839804,103.365181,307.891929
1611936000,103.365181,103.456291,102.941289,103.030374,575.461653
1611939600,103.030374,103.570437,103.008887,103.364588,219.218154
1611943200,103.364588,103.528741,102.997505,103.142312,274.314490
1611946800,103.142312,103.211332,102.817811,103.044996,597.736166
1611950400,103.044996,103.085938,102.548192,102.551741,340.465387
1611954000,102.551741,102.916765,102.377053,102.671310,286.652049
1611957600,102.671310,102.787224,102.436313,102.622923,342.621015
1611961200,102.622923,103.417062,102.489785,103.386539,397.062146
1611964800,103.386539,103.465402,103.150873,103.195134,413.792937
1611968400,103.195134,103.540051,102.957189,103.534758,250.793860
1611972000,103.534758,104.429694,103.425241,104.404549,300.090491
1611975600,104.404549,105.363309,104.385166,105.325911,556.067496
1611979200,105.325911,105.535845,104.426976,104.462544,410.005000
1611982800,104.462544,104.569425,103.863455,103.905197,350.702775
1611986400,103.905197,104.890140,103.902236,104.778267,353.587635
1611990000,104.778267,105.286135,104.320297,104.425343,2224.387310
1611993600,104.425343,104.440595,104.220368,104.355275,639.407289
1611997200,104.355275,104.461727,103.738703,103.855290,959.584644
1612000800,103.855290,104.820659,103.833570,104.620860,622.331172
1612004400,104.620860,104.749285,104.293433,104.432433,412.544184
1612008000,104.432433,104.716915,104.415497,104.557209,265.033737
1612011600,104.557209,104.580265,104.046641,104.235250,327.946486
1612015200,104.235250,104.782791,104.198594,104.764109,822.634772
1612018800,104.764109,104.946343,104.346132,104.398219,441.228138
1612022400,104.398219,104.748408,104.312246,104.403154,240.648273
1612026000,104.403154,104.772970,104.367111,104.538502,367.358614
1612029600,104.538502,104.645225,104.354336,104.470660,516.689323
1612033200,104.470660,105.199960,104.240021,105.016081,374.463285
1612036800,105.016081,105.521333,104.959893,105.378933,637.818057
1612040400,105.378933,105.563228,104.702627,104.861709,424.690976
1612044000,104.861709,105.338283,104.818551,105.150285,393.958894
1612047600,105.150285,105.155290,104.264336,104.580267,433.912752
1612051200,104.580267,104.714467,104.259662,104.690628,757.460219
1612054800,104.690628,104.807828,104.132060,104.257996,445.837894
1612058400,104.257996,104.834556,104.202724,104.600150,161.082257
1612062000,104.600150,104.977768,104.498206,104.717905,703.934118
1612065600,104.717905,105.128978,104.559229,104.886752,447.699042
1612069200,104.886752,105.549552,104.873703,105.123458,369.038036
1612072800,105.123458,105.191020,104.835122,105.171218,673.250630
1612076400,105.171218,105.407771,104.760604,105.067343,484.100952
1612080000,105.067343,105.202303,104.932445,105.053015,170.014077
1612083600,105.053015,105.297097,104.872821,105.135863,368.135722
1612087200,105.135863,105.164939,104.446217,104.599625,306.248327
1612090800,104.599625,104.629985,104.221307,104.357695,390.634541
1612094400,104.357695,104.802948,104.243387,104.696545,201.754010
1612098000,104.696545,105.531811,104.423265,105.423499,401.003873
1612101600,105.423499,105.450197,104.601420,104.649007,257.195067
1612105200,104.649007,104.728719,104.528630,104.672679,623.798083
1612108800,104.672679,104.810075,104.544489,104.742920,397.203187
1612112400,104.742920,104.810513,104.141378,104.258087,485.513993
1612116000,104.258087,104.675394,104.008261,104.615577,283.983716
1612119600,104.615577,104.705604,103.827895,104.004332,441.590692
1612123200,104.004332,104.664416,103.912267,104.363001,3166.700261
1612126800,104.363001,104.407501,103.904365,104.147898,432.799272
1612130400,104.147898,104.458176,103.961765,104.394726,460.661483
1612134000,104.394726,105.055449,104.330628,105.018188,261.489994
1612137600,105.018188,105.219300,104.948889,105.181707,317.453241
1612141200,105.181707,105.888092,105.166771,105.708410,336.390173
1612144800,105.708410,105.810667,104.935451,105.082296,247.114938
1612148400,105.082296,105.332839,104.897720,105.066377,288.323242
1612152000,105.066377,105.325427,104.545477,104.609042,147.613199
1612155600,104.609042,104.685187,103.761906,103.867297,315.150653
1612159200,103.867297,104.154458,103.078401,103.250392,401.501914
1612162800,103.250392,103.377914,103.013030,103.018367,347.602936
1612166400,103.018367,103.161811,102.811651,103.121228,357.807935
1612170000,103.121228,103.351706,103.102696,103.166079,456.602069
1612173600,103.166079,103.423944,102.820150,103.393622,775.905401
1612177200,103.393622,103.709160,103.277142,103.316505,414.910792
1612180800,103.316505,103.585776,102.924720,102.987964,475.587479
1612184400,102.987964,103.583802,102.852704,103.376155,362.886298
1612188000,103.376155,103.844581,103.135945,103.767410,468.344722
1612191600,103.767410,103.859916,103.585933,103.690997,224.553491
1612195200,103.690997,103.856121,102.326647,102.476387,523.359289
1612198800,102.476387,102.808799,102.385596,102.785921,624.492234
1612202400,102.785921,102.966089,102.377327,102.553497,861.108454
1612206000,102.553497,102.702244,102.238375,102.351490,274.378670
1612209600,102.351490,102.545644,102.183456,102.389784,569.191871
1612213200,102.389784,102.466463,101.870526,101.892181,226.616998
1612216800,101.892181,102.007874,101.581176,101.692605,306.510986
1612220400,101.692605,101.801429,101.660373,101.762913,411.661975
1612224000,101.762913,102.011096,101.531848,101.801652,266.353710
1612227600,101.801652,102.037856,100.940262,101.018454,376.835432
1612231200,101.018454,101.419454,100.752075,100.937319,907.515607
1612234800,100.937319,101.329051,100.779950,101.251892,440.135504
1612238400,101.251892,101.268075,101.182086,101.189076,531.319968
1612242000,101.189076,101.214075,100.850665,100.959476,587.684357
1612245600,100.959476,101.255031,100.182416,100.248943,441.351873
1612249200,100.248943,100.980271,100.156024,100.800149,927.433627
1612252800,100.800149,101.232915,100.613260,101.076228,386.056557
1612256400,101.076228,101.257149,101.072132,101.128850,1793.874153
1612260000,101.128850,101.512927,101.029863,101.421839,371.454138
1612263600,101.421839,101.967677,101.161594,101.960241,690.480277
1612267200,101.960241,102.009296,101.880046,102.000502,343.311423
1612270800,102.000502,102.160839,101.689277,101.784106,391.246371
1612274400,101.784106,101.849412,101.742522,101.806301,358.339188
1612278000,101.806301,102.262746,101.736528,102.205788,305.545122
1612281600,102.205788,102.218321,101.801314,101.985911,387.692793
1612285200,101.985911,102.230039,101.957149,102.077594,331.794392
1612288800,102.077594,102.117031,101.413253,101.574171,378.971411
1612292400,101.574171,101.596233,101.342238,101.485055,399.073366
1612296000,101.485055,101.787451,101.218016,101.684390,538.892026
1612299600,101.684390,101.968338,101.578315,101.849946,339.331870
1612303200,101.849946,102.205895,101.827476,102.164020,264.764720
1612306800,102.164020,102.166703,101.938256,102.023785,631.379066
1612310400,102.023785,102.123526,101.496683,101.587931,328.084439
1612314000,101.587931,101.679908,100.796356,100.851962,237.480372
1612317600,100.851962,101.003077,100.743810,100.955188,535.002818
1612321200,100.955188,101.062295,100.676950,101.061060,449.531433
1612324800,101.061060,101.410526,100.817460,101.294167,285.587049
1612328400,101.294167,102.504478,100.981034,102.329995,668.139969
1612332000,102.329995,102.452152,102.060675,102.139154,443.575645
1612335600,102.139154,102.230829,101.603012,101.732803,417.341124
1612339200,101.732803,101.797856,100.846072,100.919647,869.370163
1612342800,100.919647,101.348934,100.798762,101.192400,341.667265
1612346400,101.192400,101.313504,101.042594,101.107624,391.884048
1612350000,101.107624,101.474095,101.078463,101.377564,569.300043
1612353600,101.377564,101.868832,101.325773,101.635800,513.182495
1612357200,101.635800,101.706730,101.203438,101.428066,294.412901
1612360800,101.428066,101.770264,101.334957,101.501120,358.412696
1612364400,101.501120,102.067737,101.423359,102.065748,346.955754
1612368000,102.065748,103.227497,101.921429,103.021849,409.008492
1612371600,103.021849,103.199454,102.931956,103.052932,1119.997962
1612375200,103.052932,103.781998,102.891867,103.683978,467.856660
1612378800,103.683978,104.015125,103.003516,103.122417,627.325867
1612382400,103.122417,103.629095,102.866571,103.462615,332.416723
1612386000,103.462615,103.873505,102.367199,102.510170,493.359504
1612389600,102.510170,102.772645,101.980668,102.351023,1944.283940
1612393200,102.351023,102.519904,101.871370,102.161322,491.225297
1612396800,102.161322,102.345671,102.153976,102.327410,399.565054
1612400400,102.327410,102.439112,101.229540,101.236073,416.425656
1612404000,101.236073,101.511612,101.154336,101.269931,366.177114
1612407600,101.269931,101.352627,100.920150,101.050082,336.103093
1612411200,101.050082,101.571389,100.852932,101.402122,403.273235
1612414800,101.402122,101.516026,101.116459,101.148243,294.529791
1612418400,101.148243,101.426611,100.256216,100.355278,423.790944
1612422000,100.355278,100.563430,100.152931,100.194172,397.958804
1612425600,100.194172,100.336424,99.955647,100.057893,321.702085
1612429200,100.057893,100.229878,100.016325,100.067905,436.967341
1612432800,100.067905,100.104980,99.923618,100.100314,507.975088
1612436400,100.100314,100.215189,99.604342,99.687095,379.292539
1612440000,99.687095,99.788977,99.538382,99.788558,378.137874
1612443600,99.788558,99.816566,98.908039,99.000946,363.733971
1612447200,99.000946,99.606508,98.916323,99.363117,331.364028
1612450800,99.363117,100.434313,99.283233,100.328002,290.276291
1612454400,100.328002,100.339100,100.125335,100.157725,453.179547
1612458000,100.157725,100.160361,99.426907,99.571815,469.577146
1612461600,99.571815,100.023910,99.547276,99.972905,203.056875
1612465200,99.972905,100.233324,99.081038,99.264514,302.327910
1612468800,99.264514,99.439521,98.575251,98.818917,669.624245
1612472400,98.818917,99.508117,98.729963,99.443895,547.803764
1612476000,99.443895,99.532108,99.001509,99.137787,380.277990
1612479600,99.137787,99.328882,98.595942,98.596700,529.590522
1612483200,98.596700,98.653241,97.813041,97.853347,270.775106
1612486800,97.853347,98.172392,97.720103,98.079755,619.103886
1612490400,98.079755,98.353485,97.399550,97.449435,508.260172
1612494000,97.449435,97.699326,97.256213,97.541608,275.896399
1612497600,97.541608,97.653118,97.466028,97.565830,547.790257
1612501200,97.565830,97.833070,97.135734,97.282666,193.265961
1612504800,97.282666,97.414168,96.786534,97.039443,813.189740
1612508400,97.039443,97.337243,96.344246,96.420584,326.383474
1612512000,96.420584,96.423598,95.563303,95.714237,539.187131
1612515600,95.714237,96.013376,95.522166,95.548997,429.177689
1612519200,95.548997,95.553912,94.516467,94.540521,362.607327
1612522800,94.540521,94.703546,94.498058,94.561886,1322.100179
1612526400,94.561886,94.890492,94.509738,94.663137,363.146404
1612530000,94.663137,94.704580,93.715169,93.922327,481.744321
1612533600,93.922327,94.069704,93.191867,93.408488,528.432477
1612537200,93.408488,93.775512,93.252963,93.661412,421.135731
1612540800,93.661412,93.925749,93.214313,93.258939,623.884890
1612544400,93.258939,93.326899,92.986599,93.066082,443.775906
1612548000,93.066082,93.375472,92.603067,92.608697,643.554000
1612551600,92.608697,92.631954,91.525921,91.957286,330.708575
1612555200,91.957286,92.674147,91.856582,92.606584,453.625025
1612558800,92.606584,93.059742,92.494181,92.870744,492.323894
1612562400,92.870744,93.552906,92.810357,93.503811,897.189336
1612566000,93.503811,94.122329,93.491372,93.905177,427.098927
1612569600,93.905177,94.187100,93.682973,93.709023,922.619505
1612573200,93.709023,93.718468,92.987811,93.218122,290.539098
1612576800,93.218122,93.490959,93.105223,93.468634,336.713036
1612580400,93.468634,93.873871,93.395139,93.819769,272.284563
1612584000,93.819769,93.884910,93.729664,93.794290,370.268527
1612587600,93.794290,93.950661,92.854066,93.055079,308.600703
1612591200,93.055079,93.276154,92.847822,93.018483,270.868403
1612594800,93.018483,93.778367,92.847362,93.538046,375.553147
1612598400,93.538046,94.282401,93.266936,94.071580,237.127436
1612602000,94.071580,94.248399,93.338647,93.338702,684.167898
1612605600,93.338702,93.559846,93.230009,93.389133,309.412881
1612609200,93.389133,94.264533,93.381878,94.173171,363.820573
1612612800,94.173171,94.216223,93.778880,93.796741,409.469682
1612616400,93.796741,93.849801,93.595584,93.778570,415.748239
1612620000,93.778570,93.815524,93.078271,93.235833,155.568939
1612623600,93.235833,93.601430,93.025158,93.555665,260.615665
1612627200,93.555665,93.598305,92.713456,92.761599,417.891426
1612630800,92.761599,92.775352,92.543165,92.571599,508.730037
1612634400,92.571599,92.724989,92.268547,92.585598,441.087225
1612638000,92.585598,92.833444,92.240584,92.640672,698.168549
1612641600,92.640672,92.676506,92.340122,92.509098,346.977377
1612645200,92.509098,92.819129,92.349108,92.735300,496.653064
1612648800,92.735300,92.751851,92.256409,92.275827,471.045317
1612652400,92.275827,92.301158,92.172314,92.208564,524.450340
1612656000,92.208564,92.676646,92.029428,92.657357,1701.529344
1612659600,92.657357,93.073436,92.549092,93.019338,234.585550
1612663200,93.019338,93.044651,92.871178,92.885979,245.985986
1612666800,92.885979,93.767127,92.826376,93.686091,519.728231
1612670400,93.686091,94.178993,93.455991,93.992497,215.937594
1612674000,93.992497,94.084608,93.658939,93.908977,314.388948
1612677600,93.908977,94.062413,93.696653,93.792320,213.567230
1612681200,93.792320,94.399395,93.710210,94.222539,731.068672
1612684800,94.222539,94.600718,94.213672,94.529216,443.876750
1612688400,94.529216,94.853012,94.330360,94.744982,314.154639
1612692000,94.744982,94.778415,94.354552,94.448131,286.819662
1612695600,94.448131,94.972797,94.395289,94.804607,475.091580
1612699200,94.804607,95.490411,94.580095,95.216743,92.528961
1612702800,95.216743,95.527252,95.149392,95.243243,292.899059
1612706400,95.243243,95.433409,94.804720,94.837735,617.657441
1612710000,94.837735,94.847758,94.632504,94.760458,945.708158
1612713600,94.760458,94.855661,93.766937,93.994710,399.236807
1612717200,93.994710,94.704707,93.834706,94.599376,945.283451
1612720800,94.599376,94.644301,94.298517,94.372191,531.535445
1612724400,94.372191,94.722507,94.336756,94.540512,480.307087
1612728000,94.540512,95.126727,94.412890,95.099384,501.993092
1612731600,95.099384,95.477454,94.806637,95.459086,363.397659
1612735200,95.459086,95.464896,95.188602,95.329928,590.771335
1612738800,95.329928,95.398214,94.622137,94.744924,268.648880
1612742400,94.744924,95.777097,94.391529,95.730048,361.352461
1612746000,95.730048,96.189405,95.629707,96.188944,269.636182
1612749600,96.188944,96.202419,95.530776,95.653955,434.780165
1612753200,95.653955,95.898946,95.632224,95.805770,404.662461
1612756800,95.805770,96.088320,95.664792,96.076323,430.676359
1612760400,96.076323,96.774382,95.878944,96.767828,791.653460
1612764000,96.767828,97.181127,96.085120,96.189732,383.657738
1612767600,96.189732,97.053306,96.088968,96.810556,249.863084
1612771200,96.810556,96.907519,96.718813,96.766231,399.716695
1612774800,96.766231,96.779395,96.273218,96.287601,465.600175
1612778400,96.287601,97.127814,96.271119,97.055253,288.358122
1612782000,97.055253,97.285386,97.052890,97.122209,179.530981
1612785600,97.122209,97.173660,96.854930,97.080462,315.212638
1612789200,97.080462,97.223739,96.997173,97.126986,2671.383324
1612792800,97.126986,97.130997,95.977611,96.020072,512.526243
1612796400,96.020072,96.533911,95.857956,96.422299,394.428541
1612800000,96.422299,96.661848,96.357907,96.555805,450.780061
1612803600,96.555805,96.592378,96.492426,96.569106,371.441279
1612807200,96.569106,97.310836,96.480294,97.272262,376.473729
1612810800,97.272262,97.301914,96.571398,96.698515,498.174399
1612814400,96.698515,97.167681,96.610312,97.082636,486.239547
1612818000,97.082636,97.229331,96.563377,96.762544,225.904725
1612821600,96.762544,96.986950,96.559299,96.836340,383.081248
1612825200,96.836340,97.120783,96.709738,96.759168,343.621238
1612828800,96.759168,96.918863,96.687557,96.833916,303.170053
1612832400,96.833916,96.991905,96.189046,96.269665,609.505296
1612836000,96.269665,96.280138,95.516361,95.604623,347.821364
1612839600,95.604623,95.754779,94.800894,94.971567,522.028494
1612843200,94.971567,95.403451,94.852468,95.282231,500.128558
1612846800,95.282231,95.467803,94.990956,95.062242,153.983196
1612850400,95.062242,95.833401,95.055376,95.759092,255.909176
1612854000,95.759092,96.167665,95.738159,96.013444,579.250855
1612857600,96.013444,96.272458,95.974977,96.090320,332.906705
1612861200,96.090320,96.233342,95.934505,96.204033,198.550058
1612864800,96.204033,96.596654,95.900570,96.398057,320.606808
1612868400,96.398057,96.789057,96.314365,96.568665,763.160243
1612872000,96.568665,97.187272,96.394654,97.009440,308.054366
1612875600,97.009440,97.307661,96.807301,96.827215,622.736554
1612879200,96.827215,97.441619,96.777648,97.382118,446.529586
1612882800,97.382118,97.905861,97.349822,97.619568,1059.263873
1612886400,97.619568,97.820431,97.193598,97.292961,506.628374
1612890000,97.292961,97.580477,97.275707,97.517382,905.144149
1612893600,97.517382,97.608318,97.290131,97.495223,502.510633
1612897200,97.495223,97.818693,97.443744,97.754077,568.017278
1612900800,97.754077,98.405715,97.652740,98.291028,292.367718
1612904400,98.291028,98.368075,98.133165,98.186469,549.145632
1612908000,98.186469,98.225715,97.629595,97.702713,438.532398
1612911600,97.702713,97.836646,97.307994,97.345507,328.407104
1612915200,97.345507,97.398322,96.824286,96.922469,244.312322
1612918800,96.922469,97.925324,96.838017,97.639023,435.792389
1612922400,97.639023,98.010581,97.455445,97.646031,1652.618251
1612926000,97.646031,97.773016,97.524679,97.723503,269.219688
1612929600,97.723503,98.011638,97.636018,97.854133,724.296112
1612933200,97.854133,98.160034,97.700436,98.047956,771.604734
1612936800,98.047956,98.362615,97.697890,97.782447,267.675383
1612940400,97.782447,98.378773,97.519178,98.269775,638.163313
1612944000,98.269775,98.793335,98.265696,98.720139,531.838136
1612947600,98.720139,99.032497,98.621810,98.928701,915.709724
1612951200,98.928701,99.321239,98.707707,99.199246,662.791701
1612954800,99.199246,99.289100,99.143120,99.217974,494.261215
1612958400,99.217974,99.332796,99.137007,99.241254,474.449100
1612962000,99.241254,99.774070,99.218490,99.590097,410.484100
1612965600,99.590097,99.737760,99.205117,99.243098,585.491206
1612969200,99.243098,99.325790,98.188018,98.313948,827.121803
1612972800,98.313948,98.360102,97.996775,98.035498,360.501027
1612976400,98.035498,98.077075,97.160276,97.209854,194.985918
1612980000,97.209854,97.243744,96.907024,97.105700,521.705483
1612983600,97.105700,97.283529,96.781542,96.844642,264.518236
1612987200,96.844642,96.925341,96.091126,96.466476,481.561914
1612990800,96.466476,96.638078,96.088207,96.203616,285.182741
1612994400,96.203616,96.207164,95.486131,95.569257,286.228502
1612998000,95.569257,96.301611,95.415859,96.228206,294.590255
1613001600,96.228206,96.274546,95.856594,95.952535,431.734703
1613005200,95.952535,96.096957,95.603568,95.727243,500.003171
1613008800,95.727243,96.045737,95.245545,95.352604,828.470509
1613012400,95.352604,96.146640,95.061994,96.048842,268.318013
1613016000,96.048842,96.151664,95.640141,95.854412,778.635554
1613019600,95.854412,96.064160,95.421849,95.472999,612.664984
1613023200,95.472999,95.622442,95.344585,95.360263,540.847375
1613026800,95.360263,95.446561,94.988600,95.010018,371.178909
1613030400,95.010018,95.418258,94.725293,95.413311,358.271328
1613034000,95.413311,95.638242,95.009920,95.061637,335.382619
1613037600,95.061637,95.269859,94.935859,95.180699,390.809082
1613041200,95.180699,95.737808,95.114540,95.718960,438.113192
1613044800,95.718960,96.499295,95.680160,96.305802,1155.346935
1613048400,96.305802,96.373584,96.006436,96.011527,278.573003
1613052000,96.011527,96.608104,95.988706,96.394858,1058.288833
1613055600,96.394858,96.948259,96.350540,96.821628,2656.096660
1613059200,96.821628,97.479745,96.816336,97.456291,359.239861
1613062800,97.456291,98.025389,97.433492,97.761560,241.852206
1613066400,97.761560,98.304957,97.611841,98.137595,616.424273
1613070000,98.137595,98.165949,97.382488,97.481440,331.340776
1613073600,97.481440,97.508215,96.936131,97.080590,395.503090
1613077200,97.080590,97.340999,97.031299,97.232819,387.211250
1613080800,97.232819,97.982192,97.205935,97.964640,332.403077
1613084400,97.964640,98.067160,97.526596,97.746280,259.372402
1613088000,97.746280,97.833125,97.594714,97.822720,290.139029
1613091600,97.822720,98.701104,97.670980,98.379442,468.351292
1613095200,98.379442,98.431579,98.362712,98.428799,327.453210
1613098800,98.428799,98.654580,98.294563,98.631994,244.239425
1613102400,98.631994,98.759023,97.872351,98.104021,696.217332
1613106000,98.104021,98.753799,97.851368,98.645522,606.054925
1613109600,98.645522,98.926998,98.415453,98.822479,640.661099
1613113200,98.822479,98.857704,98.453069,98.583029,196.674581
1613116800,98.583029,99.180381,98.552430,99.144851,572.796334
1613120400,99.144851,99.705954,99.074054,99.517231,743.515269
1613124000,99.517231,99.580568,98.816367,98.997592,649.919084
1613127600,98.997592,99.025171,98.678917,98.781081,261.623522
1613131200,98.781081,98.936712,98.372642,98.414295,283.623103
1613134800,98.414295,98.685189,98.164268,98.626845,725.089673
1613138400,98.626845,98.776657,98.590625,98.723897,1313.954979
1613142000,98.723897,98.945476,97.725429,97.852545,712.033573
1613145600,97.852545,98.024675,97.777436,97.875478,409.549892
1613149200,97.875478,98.146277,97.677737,97.967576,252.705136
1613152800,97.967576,98.521905,97.946037,98.474994,223.809622
1613156400,98.474994,98.673248,98.131945,98.252978,512.850054
1613160000,98.252978,98.764353,98.179325,98.755099,585.924722
1613163600,98.755099,98.833850,98.585669,98.652006,610.613714
1613167200,98.652006,98.697355,98.042842,98.240318,785.180795
1613170800,98.240318,98.315594,98.025903,98.227642,503.438718
1613174400,98.227642,98.344142,97.626372,97.859729,436.882254
1613178000,97.859729,97.999319,97.462151,97.878519,234.668877
1613181600,97.878519,97.914637,97.741251,97.864025,419.355135
1613185200,97.864025,98.950719,97.840302,98.601505,281.491551
1613188800,98.601505,98.722573,98.219607,98.292950,602.293841
1613192400,98.292950,98.418749,97.720162,97.900199,386.891348
1613196000,97.900199,98.394700,97.714131,98.072928,782.858059
1613199600,98.072928,98.773131,98.062292,98.658345,474.676271
1613203200,98.658345,98.667002,98.007256,98.227538,744.851286
1613206800,98.227538,99.156546,98.005365,98.943931,852.733563
1613210400,98.943931,99.681926,98.839929,99.577874,664.113912
1613214000,99.577874,99.887607,99.569878,99.599885,235.626722
1613217600,99.599885,100.402553,99.342734,100.378820,415.137468
1613221200,100.378820,100.490404,100.101252,100.385179,542.798127
1613224800,100.385179,101.403375,100.300596,101.037807,492.759909
1613228400,101.037807,101.077133,100.558027,100.612179,316.320170
1613232000,100.612179,100.723259,100.108042,100.258824,407.369498
1613235600,100.258824,100.499213,100.211583,100.487370,1166.139312
1613239200,100.487370,100.824530,100.486215,100.722312,565.020865
1613242800,100.722312,101.070198,100.659296,100.972053,864.436671
1613246400,100.972053,101.093220,100.470516,100.592900,514.812236
1613250000,100.592900,100.730449,100.388570,100.715485,368.923128
1613253600,100.715485,100.760563,100.258766,100.422437,576.202420
1613257200,100.422437,100.672432,100.211939,100.247399,624.131847
1613260800,100.247399,101.162346,100.096850,100.982724,544.217413
1613264400,100.982724,101.068758,100.698555,100.726060,241.342948
1613268000,100.726060,100.874562,100.019845,100.178440,404.039104
1613271600,100.178440,100.184620,99.707243,99.849145,317.204874
1613275200,99.849145,100.116125,99.687224,99.771158,317.655106
1613278800,99.771158,100.133385,99.265976,100.122412,351.142356
1613282400,100.122412,100.192414,99.547361,99.748523,587.324313
1613286000,99.748523,99.754433,99.415676,99.522667,506.146083
1613289600,99.522667,99.523242,99.226734,99.338454,238.300969
1613293200,99.338454,99.799571,99.247810,99.738089,427.262315
1613296800,99.738089,99.821891,99.365887,99.422833,633.797194
1613300400,99.422833,99.532094,99.281192,99.313123,649.729636
1613304000,99.313123,99.443039,98.640204,98.735770,448.031219
1613307600,98.735770,99.367569,98.717330,99.265759,383.083277
1613311200,99.265759,99.266988,98.958231,99.005815,225.193781
1613314800,99.005815,99.136069,98.394646,98.425163,897.391298
1613318400,98.425163,99.087242,98.292619,99.009039,707.094398
1613322000,99.009039,99.785734,98.967899,99.638740,3605.801341
1613325600,99.638740,100.203005,99.568066,100.054729,409.148525
1613329200,100.054729,100.129002,99.778515,99.829093,801.151251
1613332800,99.829093,100.375516,99.772217,100.043730,488.293594
1613336400,100.043730,100.527817,99.845001,100.505828,821.933606
1613340000,100.505828,101.394656,100.463070,101.062564,406.529006
1613343600,101.062564,101.131009,100.853713,100.962542,537.729448
1613347200,100.962542,101.724349,100.741184,101.576365,555.243375
1613350800,101.576365,102.242489,101.499667,102.209975,699.696570
1613354400,102.209975,102.445255,102.190824,102.261567,183.443399
1613358000,102.261567,102.420779,101.964834,102.269651,387.647290
1613361600,102.269651,103.189240,102.192002,103.052474,711.065725
1613365200,103.052474,103.287828,102.814276,103.154582,475.147335
1613368800,103.154582,103.396115,102.681198,102.900068,667.577590
1613372400,102.900068,103.117335,102.779980,103.072867,327.811129
1613376000,103.072867,103.235205,102.986582,103.118939,766.774309
1613379600,103.118939,103.242377,102.159202,102.299562,390.978727
1613383200,102.299562,102.994733,102.194188,102.837459,273.546212
1613386800,102.837459,103.091399,102.729132,102.967509,323.502804
1613390400,102.967509,103.089866,102.672832,102.883517,405.103034
1613394000,102.883517,103.189459,102.776945,103.123902,347.556599
1613397600,103.123902,103.265477,102.384563,102.496542,545.187776
1613401200,102.496542,102.621590,101.806261,101.911443,683.535863
1613404800,101.911443,102.110458,101.810507,101.986963,443.686939
1613408400,101.986963,102.825217,101.861288,102.762871,279.974213
1613412000,102.762871,103.028989,102.752617,103.021582,288.590177
1613415600,103.021582,103.524313,102.870342,103.379641,663.742447
1613419200,103.379641,103.842871,103.042564,103.509753,452.084561
1613422800,103.509753,103.591488,103.383009,103.398185,352.673992
1613426400,103.398185,103.718650,103.101212,103.162870,297.426614
1613430000,103.162870,103.165719,102.837148,102.985140,781.250138
1613433600,102.985140,103.205812,102.869782,103.147620,381.310006
1613437200,103.147620,103.368067,103.056149,103.113807,273.548545
1613440800,103.113807,103.659188,102.910697,103.559645,278.122645
1613444400,103.559645,104.186840,103.405707,104.181285,724.876496
1613448000,104.181285,104.347806,103.455670,103.617085,281.645766
1613451600,103.617085,103.691036,103.559468,103.660706,374.756907
1613455200,103.660706,104.071455,102.842255,102.931604,2246.269684
1613458800,102.931604,103.384809,102.831965,103.316019,210.295706
1613462400,103.316019,103.365696,102.930217,103.017774,460.187639
1613466000,103.017774,103.349901,102.804857,102.823121,277.222192
1613469600,102.823121,102.977661,102.715781,102.961449,551.229105
1613473200,102.961449,103.080147,102.957501,103.034544,411.180064
1613476800,103.034544,103.305092,102.886838,103.216700,365.012291
1613480400,103.216700,103.229210,102.988618,103.044661,248.444449
1613484000,103.044661,103.079564,102.805807,103.005428,675.665640
1613487600,103.005428,103.010793,102.557678,102.706531,287.935603
1613491200,102.706531,102.835142,101.974425,102.074252,339.257409
1613494800,102.074252,102.527865,101.968788,102.378696,224.213044
1613498400,102.378696,102.395520,101.348519,101.610697,332.016373
1613502000,101.610697,102.104455,101.411711,101.967802,332.380836
1613505600,101.967802,102.431575,101.716868,102.367577,774.988172
1613509200,102.367577,102.777317,102.134761,102.644890,401.590333
1613512800,102.644890,103.254000,102.449781,103.113013,456.282972
1613516400,103.113013,103.480984,103.073650,103.406975,210.756550
1613520000,103.406975,103.849695,103.406559,103.842160,299.728104
1613523600,103.842160,104.395492,103.817616,104.184834,642.875246
1613527200,104.184834,104.600118,104.102246,104.262772,323.593593
1613530800,104.262772,104.336612,103.888594,104.008384,511.397056
1613534400,104.008384,104.157906,103.252356,103.470418,375.130140
1613538000,103.470418,103.656479,103.370806,103.541684,383.732425
1613541600,103.541684,103.847434,103.465562,103.769275,366.963109
1613545200,103.769275,103.833347,103.146870,103.358711,269.734036
1613548800,103.358711,104.115353,103.278030,103.934406,626.189917
1613552400,103.934406,103.948561,103.674397,103.751981,194.983555
1613556000,103.751981,104.091034,103.653522,103.917440,558.112184
1613559600,103.917440,103.958586,103.529816,103.634647,577.975434
1613563200,103.634647,104.206666,103.518259,104.072956,390.182567
1613566800,104.072956,104.286432,104.069996,104.174766,602.855463
1613570400,104.174766,104.281035,103.811965,103.838345,1002.993491
1613574000,103.838345,104.527664,103.585243,104.450627,269.395502
1613577600,104.450627,104.641948,104.426371,104.446993,619.854857
1613581200,104.446993,104.599415,104.014477,104.055060,366.476664
1613584800,104.055060,104.146716,103.634356,103.784022,278.113962
1613588400,103.784022,104.303506,103.732281,104.265053,1892.936181
1613592000,104.265053,104.547959,104.068830,104.394055,484.839880
1613595600,104.394055,105.678010,104.291262,105.434098,385.151272
1613599200,105.434098,105.686155,104.779586,104.997368,198.466902
1613602800,104.997368,105.096904,104.638842,104.663232,403.159240
1613606400,104.663232,105.121398,104.424362,104.490396,446.504871
1613610000,104.490396,104.532941,104.227277,104.386959,277.154626
1613613600,104.386959,104.667033,103.725799,103.970335,275.482251
1613617200,103.970335,104.115601,103.350492,103.381872,280.371710
1613620800,103.381872,103.388973,102.905116,103.132394,298.698199
1613624400,103.132394,103.145226,103.010286,103.135188,351.844234
1613628000,103.135188,103.190127,102.589211,102.687481,759.277892
1613631600,102.687481,103.256153,102.673721,103.233690,283.881217
1613635200,103.233690,103.844283,103.232569,103.598719,356.160824
1613638800,103.598719,103.619814,103.268886,103.365606,291.561167
1613642400,103.365606,103.696913,103.094288,103.500316,361.519458
1613646000,103.500316,103.674996,103.003310,103.067946,349.763744
1613649600,103.067946,103.143689,102.595622,102.745558,368.759247
1613653200,102.745558,102.986085,102.634109,102.735380,252.519477
1613656800,102.735380,103.072524,102.626251,102.777161,477.367640
1613660400,102.777161,103.212842,102.552345,103.147792,395.888517
1613664000,103.147792,103.206791,103.011108,103.075176,290.304788
1613667600,103.075176,103.225066,102.601494,102.633658,428.932902
1613671200,102.633658,102.963532,102.564549,102.733224,289.226405
1613674800,102.733224,103.468292,102.717230,103.161992,848.221496
1613678400,103.161992,103.671335,103.100193,103.622682,462.430709
1613682000,103.622682,103.896317,103.600560,103.678886,476.243834
1613685600,103.678886,103.978602,102.767024,102.936836,240.293768
1613689200,102.936836,103.346482,102.892921,103.305797,692.706005
1613692800,103.305797,103.336273,102.897579,102.993640,384.640705
1613696400,102.993640,103.841085,102.977527,103.693154,669.307342
1613700000,103.693154,103.784216,103.190306,103.459010,437.197300
1613703600,103.459010,103.542271,103.211319,103.299301,607.185613
1613707200,103.299301,103.310103,103.085412,103.295332,319.420043
1613710800,103.295332,103.759675,103.087680,103.656237,529.785783
1613714400,103.656237,103.911519,103.498694,103.874403,407.381326
1613718000,103.874403,103.954561,103.290289,103.298519,266.178118
1613721600,103.298519,104.285029,103.297956,104.214694,2386.518999
1613725200,104.214694,104.425006,103.726310,103.752984,423.213584
1613728800,103.752984,103.931181,103.535053,103.663487,352.903374
1613732400,103.663487,103.829677,103.472042,103.621915,487.305243
1613736000,103.621915,104.006680,103.575329,103.969127,233.429122
1613739600,103.969127,104.012553,103.650944,103.735985,310.596477
1613743200,103.735985,104.112859,103.603044,104.096109,517.718149
1613746800,104.096109,104.357353,104.052678,104.218196,763.226702
1613750400,104.218196,104.562617,103.688217,103.727798,328.372613
1613754000,103.727798,103.932138,103.155490,103.402235,795.695482
1613757600,103.402235,103.466927,103.095362,103.194372,344.117423
1613761200,103.194372,103.341950,102.913732,102.994076,321.628148
1613764800,102.994076,103.503426,102.948086,103.271168,720.666993
1613768400,103.271168,103.752218,103.074688,103.713110,457.554647
1613772000,103.713110,103.731056,103.580122,103.720655,406.738595
1613775600,103.720655,103.834687,103.420780,103.564352,356.112585
1613779200,103.564352,104.158558,103.489372,104.112033,937.703463
1613782800,104.112033,104.425171,103.747940,104.228063,480.623915
1613786400,104.228063,104.498522,103.814469,104.366498,381.236097
1613790000,104.366498,104.603845,103.647821,103.722341,567.830665
1613793600,103.722341,103.988498,103.568497,103.965795,303.717338
1613797200,103.965795,104.106052,103.619984,103.782464,179.017501
1613800800,103.782464,103.795000,103.464354,103.492058,242.271391
1613804400,103.492058,103.539390,103.241771,103.327849,262.069559
1613808000,103.327849,103.687046,102.815217,102.909266,552.373573
1613811600,102.909266,103.039930,102.463786,102.653817,376.733656
1613815200,102.653817,102.683601,102.046116,102.157857,277.071404
1613818800,102.157857,102.682888,102.058556,102.486425,412.578633
1613822400,102.486425,102.780328,102.192320,102.297113,393.515787
1613826000,102.297113,102.592305,102.268118,102.523002,262.273152
1613829600,102.523002,102.845514,102.337252,102.683412,216.600055
1613833200,102.683412,102.777625,102.059239,102.397565,302.114529
1613836800,102.397565,103.200246,102.264941,102.951349,527.684822
1613840400,102.951349,103.066238,102.110124,102.154474,1107.977266
1613844000,102.154474,102.383062,102.040841,102.283738,306.735318
1613847600,102.283738,102.702635,102.026290,102.569977,349.299050
1613851200,102.569977,103.367232,102.535444,103.248016,813.621169
1613854800,103.248016,104.385488,103.235526,104.368948,1511.305935
1613858400,104.368948,104.453272,103.797766,103.880500,417.856470
1613862000,103.880500,104.140437,103.741102,103.993871,351.744827
1613865600,103.993871,104.373639,103.310690,103.327045,221.711190
1613869200,103.327045,103.492482,103.016461,103.081022,537.857202
1613872800,103.081022,103.283655,102.837755,102.878457,507.634368
1613876400,102.878457,102.878794,102.752220,102.853851,494.904154
1613880000,102.853851,102.869099,102.413246,102.489348,131.380419
1613883600,102.489348,102.777236,102.219937,102.714525,665.175264
1613887200,102.714525,102.755062,102.091346,102.184983,578.333373
1613890800,102.184983,102.571651,102.038070,102.421915,571.895572
1613894400,102.421915,102.987777,102.402088,102.959903,354.492974
1613898000,102.959903,103.122906,102.898462,102.927248,417.621464
1613901600,102.927248,103.126675,102.063055,102.275702,472.480164
1613905200,102.275702,102.345665,101.827939,101.910787,297.623212
1613908800,101.910787,102.673144,101.772457,102.570308,375.476676
1613912400,102.570308,103.107378,102.276031,102.950610,268.343772
1613916000,102.950610,103.169555,102.795338,103.100525,316.427125
1613919600,103.100525,103.475876,103.092813,103.330144,556.596257
1613923200,103.330144,103.344619,102.119653,102.324635,380.935290
1613926800,102.324635,102.444054,102.215700,102.293442,558.072303
1613930400,102.293442,102.368431,102.010088,102.028691,387.062737
1613934000,102.028691,102.031279,101.744651,101.895096,791.825634
1613937600,101.895096,102.116981,101.504257,101.985574,491.235630
1613941200,101.985574,102.459056,101.759303,102.453967,187.663090
1613944800,102.453967,102.507213,101.856894,102.212001,439.848648
1613948400,102.212001,102.397234,101.456032,101.521392,255.418614
1613952000,101.521392,101.585791,100.864604,101.220778,592.207006
1613955600,101.220778,101.355393,100.867249,101.024822,173.822562
1613959200,101.024822,101.206826,100.662976,100.694324,361.647782
1613962800,100.694324,101.471119,100.568366,101.148212,485.066572
1613966400,101.148212,101.326306,100.592837,100.875029,541.372676
1613970000,100.875029,101.898533,100.775944,101.531629,368.105044
1613973600,101.531629,102.053374,101.241235,102.042160,308.649416
1613977200,102.042160,102.136141,101.787876,101.853164,332.010023
1613980800,101.853164,101.863630,101.371201,101.678491,474.712309
1613984400,101.678491,101.899050,101.554459,101.667343,293.608892
1613988000,101.667343,102.024660,101.548846,101.945223,1643.947183
1613991600,101.945223,102.419108,101.842124,102.228418,665.346909
1613995200,102.228418,102.399160,102.193756,102.309502,435.185119
1613998800,102.309502,102.515324,102.127391,102.183219,329.451057
1614002400,102.183219,102.264536,101.755453,101.802821,234.797302
1614006000,101.802821,101.912670,101.297247,101.344112,317.586503
1614009600,101.344112,101.571451,100.950584,100.959293,336.646192
1614013200,100.959293,101.247177,100.958435,101.228727,341.114612
1614016800,101.228727,101.523126,101.059117,101.072816,1008.542079
1614020400,101.072816,101.391752,101.035447,101.043927,557.065945
1614024000,101.043927,101.101161,100.694973,101.019455,227.683936
1614027600,101.019455,101.157808,100.896669,100.996295,486.345645
1614031200,100.996295,101.494126,100.831239,101.417506,627.174309
1614034800,101.417506,101.826984,101.374231,101.787789,251.087320
1614038400,101.787789,101.884965,101.380243,101.453902,403.528492
1614042000,101.453902,101.501644,100.857890,101.127172,419.256459
1614045600,101.127172,101.231155,100.939212,100.998608,309.906025
1614049200,100.998608,101.210024,100.725890,100.860759,416.468697
1614052800,100.860759,101.024593,100.535448,100.558163,233.248559
1614056400,100.558163,100.811901,100.462713,100.662033,352.954852
1614060000,100.662033,100.931718,100.554346,100.666655,437.238071
1614063600,100.666655,101.433474,100.565834,101.334418,356.599011
1614067200,101.334418,101.361053,100.919394,101.077657,449.931459
1614070800,101.077657,101.412181,100.963339,101.238426,572.567517
1614074400,101.238426,101.548756,100.911181,101.249138,402.630055
1614078000,101.249138,101.532455,101.120096,101.444725,184.412448
1614081600,101.444725,101.618816,101.270472,101.384688,363.097490
1614085200,101.384688,101.857390,101.318151,101.350314,486.491315
1614088800,101.350314,101.439527,101.147444,101.422437,350.995493
1614092400,101.422437,102.115967,101.266079,101.903591,604.054837
1614096000,101.903591,102.568370,101.643796,102.497059,244.861437
1614099600,102.497059,102.537731,102.015126,102.108181,218.572472
1614103200,102.108181,102.276268,101.343129,101.476439,277.519302
1614106800,101.476439,101.643462,101.083253,101.175735,574.217420
1614110400,101.175735,101.816836,101.118347,101.700717,359.433992
1614114000,101.700717,102.400631,101.626710,102.153541,304.042254
1614117600,102.153541,102.725112,102.070601,102.642196,414.667273
1614121200,102.642196,102.696204,102.415293,102.680788,1562.727214
1614124800,102.680788,103.316195,102.572951,103.224046,384.327479
1614128400,103.224046,103.419717,103.086785,103.112510,319.117362
1614132000,103.112510,103.219541,102.466232,102.598560,351.792631
1614135600,102.598560,102.648875,102.452375,102.466115,522.140564
1614139200,102.466115,102.580619,101.751770,101.837363,488.042339
1614142800,101.837363,102.066054,101.698953,102.020950,442.527216
1614146400,102.020950,102.051928,101.783392,101.895168,396.185382
1614150000,101.895168,101.963608,101.730457,101.903394,482.558212
1614153600,101.903394,102.022301,101.779250,101.835328,494.653797
1614157200,101.835328,101.856264,101.416703,101.798386,528.553031
1614160800,101.798386,101.913009,101.149530,101.325135,198.306576
1614164400,101.325135,101.460965,101.106282,101.274582,508.282624
1614168000,101.274582,101.399541,100.500949,100.581587,579.266946
1614171600,100.581587,100.709976,100.135010,100.164418,269.326852
1614175200,100.164418,100.428918,99.909380,99.920154,642.519544
1614178800,99.920154,100.379648,99.668020,100.313118,245.295085
1614182400,100.313118,100.948177,100.146366,100.834733,329.701203
1614186000,100.834733,101.140924,100.580792,101.128253,448.025212
1614189600,101.128253,101.179080,100.518953,100.706554,316.285753
1614193200,100.706554,101.316964,100.556205,101.301244,645.619399
1614196800,101.301244,101.572861,100.632121,100.860305,430.932426
1614200400,100.860305,101.399791,100.742284,101.172591,840.787563
1614204000,101.172591,101.279147,100.549645,100.606721,313.634744
1614207600,100.606721,100.847409,100.573352,100.836169,635.489461
1614211200,100.836169,100.906916,100.466281,100.728857,1061.047714
1614214800,100.728857,101.376713,100.680339,101.332962,338.637889
1614218400,101.332962,102.409576,100.970346,102.339425,461.092590
1614222000,102.339425,102.640840,102.171981,102.196969,370.662348
1614225600,102.196969,102.546897,102.159398,102.500718,481.492860
1614229200,102.500718,102.540463,102.064150,102.145017,458.842728
1614232800,102.145017,102.759147,102.029618,102.620749,510.307899
1614236400,102.620749,102.959454,102.464997,102.789343,402.334313
1614240000,102.789343,102.833210,102.449894,102.597095,233.751903
1614243600,102.597095,102.853366,102.566884,102.820280,665.772566
1614247200,102.820280,103.073393,102.718935,102.860758,273.818054
1614250800,102.860758,103.019374,102.641429,102.918761,204.461166
1614254400,102.918761,103.602976,102.837800,103.465894,1707.406905
1614258000,103.465894,103.942645,103.440718,103.579518,385.149827
1614261600,103.579518,103.660594,103.422211,103.433126,310.380313
1614265200,103.433126,103.973487,103.342154,103.747189,270.329807
1614268800,103.747189,103.856424,103.642404,103.711815,225.026796
1614272400,103.711815,103.777309,103.227230,103.330624,553.087226
1614276000,103.330624,103.392240,103.292998,103.304893,420.204832
1614279600,103.304893,103.872686,103.122352,103.853071,899.063926
1614283200,103.853071,104.015884,103.787483,103.847986,561.445297
1614286800,103.847986,104.062870,103.413905,103.653029,358.338270
1614290400,103.653029,103.742981,103.526887,103.607936,430.308732
1614294000,103.607936,104.160600,103.439022,103.921393,239.813237
1614297600,103.921393,104.558414,103.909993,104.505644,931.254874
1614301200,104.505644,106.017553,104.455165,105.784959,385.871783
1614304800,105.784959,105.811821,105.701294,105.706565,390.028992
1614308400,105.706565,105.962518,105.463867,105.932995,653.002187
1614312000,105.932995,106.534410,105.712993,106.122893,320.980646
1614315600,106.122893,106.211116,105.960599,106.053221,159.592248
1614319200,106.053221,106.532626,105.968344,106.395169,457.443715
1614322800,106.395169,107.114468,106.246887,106.991264,315.790782
1614326400,106.991264,107.058972,106.619727,106.766270,455.109921
1614330000,106.766270,106.955478,106.410992,106.652911,602.299344
1614333600,106.652911,106.677372,106.331292,106.538245,278.966481
1614337200,106.538245,107.069062,106.485644,106.902986,419.490210
1614340800,106.902986,106.937641,106.269184,106.273252,278.856330
1614344400,106.273252,106.839817,106.198729,106.784216,606.937638
1614348000,106.784216,106.830508,106.347252,106.387176,281.577284
1614351600,106.387176,106.486948,106.009759,106.098963,431.921276
1614355200,106.098963,106.232787,105.837903,106.144923,258.636613
1614358800,106.144923,106.331014,106.077491,106.260469,561.398637
1614362400,106.260469,106.506477,106.031777,106.498133,847.285839
1614366000,106.498133,106.648886,106.279395,106.391763,700.812900
1614369600,106.391763,106.508005,106.247731,106.459651,472.160998
1614373200,106.459651,106.506520,106.098425,106.308378,384.931448
1614376800,106.308378,106.706500,106.145962,106.646933,1180.018148
1614380400,106.646933,106.695485,106.218991,106.321999,719.218159
1614384000,106.321999,106.393818,105.596556,105.826078,252.248316
1614387600,105.826078,106.057550,105.740164,105.992159,1905.002526
1614391200,105.992159,106.737232,105.745853,106.481058,210.387259
1614394800,106.481058,106.613463,106.178533,106.195349,520.713435
1614398400,106.195349,106.600955,106.075065,106.329747,364.228968
1614402000,106.329747,106.663493,106.297851,106.328150,599.010805
1614405600,106.328150,106.423283,105.804084,106.059988,481.574649
1614409200,106.059988,106.580941,106.003642,106.552735,600.629179
1614412800,106.552735,106.608899,106.319234,106.550898,260.555391
1614416400,106.550898,106.660411,106.133901,106.537535,261.317777
1614420000,106.537535,107.028507,106.479345,106.911574,427.576124
1614423600,106.911574,106.952199,106.730289,106.894606,863.827189
1614427200,106.894606,107.539524,106.861327,107.234457,480.867867
1614430800,107.234457,107.503667,106.674972,106.771548,367.450955
1614434400,106.771548,106.837567,106.220098,106.293659,588.449436
1614438000,106.293659,106.462084,106.107731,106.228173,235.430356
1614441600,106.228173,106.230913,105.220238,105.336098,464.957292
1614445200,105.336098,105.428937,104.382947,104.444652,392.824926
1614448800,104.444652,104.774083,104.398654,104.586655,378.493383
1614452400,104.586655,105.464238,104.544639,105.338459,637.143209
1614456000,105.338459,105.623106,105.325255,105.621166,196.090805
1614459600,105.621166,105.683025,104.623102,105.058556,243.737924
1614463200,105.058556,105.246808,104.749331,104.773024,289.627655
1614466800,104.773024,104.892681,104.741727,104.868894,422.088371
1614470400,104.868894,105.035601,104.623728,104.944813,617.451679
1614474000,104.944813,105.840269,104.768459,105.398851,643.615956
1614477600,105.398851,105.757226,105.075591,105.719434,351.024762
1614481200,105.719434,105.762797,105.299824,105.391984,336.433326
1614484800,105.391984,105.488511,104.849499,105.073410,411.511149
1614488400,105.073410,105.298438,104.869044,105.255027,347.277360
1614492000,105.255027,105.508175,105.117610,105.385208,216.730968
1614495600,105.385208,105.449421,105.178601,105.405870,303.776410
1614499200,105.405870,105.601791,104.537705,104.592896,266.759376
1614502800,104.592896,104.960948,104.183144,104.316219,298.631359
1614506400,104.316219,104.430855,104.295828,104.414886,434.475562
1614510000,104.414886,104.565497,103.603814,103.923458,457.245332
1614513600,103.923458,104.019945,103.631496,103.679836,277.300663
1614517200,103.679836,103.732159,102.966272,103.123121,347.742463
1614520800,103.123121,103.126331,102.760901,103.059438,908.018203
1614524400,103.059438,103.905926,103.045324,103.736321,373.587308
1614528000,103.736321,103.883129,103.210372,103.218045,269.375724
1614531600,103.218045,103.571004,103.074866,103.518264,321.721333
1614535200,103.518264,103.571541,103.390413,103.515885,375.169355
1614538800,103.515885,103.671158,103.143894,103.294425,632.669612
1614542400,103.294425,103.735774,103.156634,103.540514,414.127960
1614546000,103.540514,103.806776,103.276661,103.391460,553.979443
1614549600,103.391460,103.527613,103.215357,103.495137,366.617993
1614553200,103.495137,103.601377,103.435547,103.465116,378.538603
1614556800,103.465116,103.540350,103.039250,103.290791,300.658929
1614560400,103.290791,103.392710,103.123249,103.336067,618.406859
1614564000,103.336067,103.750120,102.977380,103.207847,525.911964
1614567600,103.207847,104.248166,103.052016,104.175194,789.739857
1614571200,104.175194,104.451938,104.150422,104.418373,405.889986
1614574800,104.418373,104.540408,103.937787,104.154457,311.547497
1614578400,104.154457,104.243545,104.040587,104.134731,474.398240
1614582000,104.134731,104.630177,104.073735,104.399134,547.921167
1614585600,104.399134,104.490419,104.255631,104.261267,596.436628
1614589200,104.261267,104.389509,103.960107,104.266965,607.149163
1614592800,104.266965,105.030027,104.184749,104.961256,170.806139
1614596400,104.961256,106.169708,104.925132,106.136660,268.954491
1614600000,106.136660,106.389938,105.885016,106.023970,352.273495
1614603600,106.023970,106.158864,105.342357,105.446226,568.276800
1614607200,105.446226,105.456497,105.128544,105.175341,471.917842
1614610800,105.175341,105.367335,104.827350,104.943294,880.546184
1614614400,104.943294,105.506372,104.579674,105.250774,430.567828
1614618000,105.250774,105.266546,104.621114,104.695499,432.877879
1614621600,104.695499,105.164638,104.522188,104.966426,219.915149
1614625200,104.966426,105.883827,104.867246,105.578162,223.820723
1614628800,105.578162,106.063845,105.509466,105.995514,238.488843
1614632400,105.995514,106.355523,105.827060,106.349880,269.597411
1614636000,106.349880,106.955202,106.282388,106.789156,1497.592045
1614639600,106.789156,107.033707,106.623819,106.670224,249.402901
1614643200,106.670224,107.003733,106.406245,106.453655,771.619331
1614646800,106.453655,106.856600,106.451863,106.738020,302.515131
1614650400,106.738020,106.949565,106.655194,106.692216,783.024309
1614654000,106.692216,106.771040,106.626244,106.691041,1796.261195
1614657600,106.691041,106.816362,105.886790,105.978480,262.056225
1614661200,105.978480,106.338099,105.707839,105.842559,487.634491
1614664800,105.842559,106.038471,105.281236,105.498224,455.640578
1614668400,105.498224,105.790681,105.002233,105.010297,214.974967
1614672000,105.010297,105.158691,104.643180,104.776328,628.065818
1614675600,104.776328,104.856816,104.251763,104.500010,372.896784
1614679200,104.500010,104.765432,104.455226,104.561780,243.709555
1614682800,104.561780,104.614917,104.291541,104.407700,365.934209
1614686400,104.407700,104.746461,104.321237,104.515795,320.742726
1614690000,104.515795,104.584728,104.260794,104.358980,262.141762
1614693600,104.358980,104.590793,104.294877,104.403470,598.354709
1614697200,104.403470,104.804920,104.144025,104.569512,453.777513
1614700800,104.569512,104.683094,104.223026,104.299607,177.752584
1614704400,104.299607,104.404493,103.566391,103.895426,345.745236
1614708000,103.895426,104.322272,103.894956,104.189888,237.933229
1614711600,104.189888,104.354039,104.016814,104.341904,376.493349
1614715200,104.341904,104.565247,103.521447,103.564184,266.187708
1614718800,103.564184,103.755093,102.855164,102.929617,170.581385
1614722400,102.929617,102.964565,102.853280,102.854869,479.468190
1614726000,102.854869,103.523043,102.811694,103.412399,474.349320
1614729600,103.412399,103.643259,103.307793,103.399149,276.701898
1614733200,103.399149,104.121014,103.249745,103.756538,513.089504
1614736800,103.756538,103.976416,103.479869,103.950487,243.885085
1614740400,103.950487,104.233906,103.716313,104.018431,204.874349
1614744000,104.018431,104.175769,103.816920,103.947985,526.435486
1614747600,103.947985,104.326782,103.626173,103.840192,497.533349
1614751200,103.840192,103.857070,102.935800,103.157331,371.544740
1614754800,103.157331,103.186735,102.532220,102.582331,605.494804
1614758400,102.582331,102.810740,102.473261,102.747117,758.359799
1614762000,102.747117,102.771361,102.427541,102.504953,351.359918
1614765600,102.504953,102.527905,101.981674,102.282149,218.688590
1614769200,102.282149,102.508292,102.045298,102.130334,282.404219
1614772800,102.130334,102.341110,101.867330,102.278664,497.670134
1614776400,102.278664,102.307065,101.264830,101.613129,558.089496
1614780000,101.613129,102.310810,101.480657,102.169869,239.347977
1614783600,102.169869,102.288378,101.860315,101.957339,362.846339
1614787200,101.957339,101.969036,101.430718,101.663205,885.184203
1614790800,101.663205,101.762731,101.167416,101.212434,722.652529
1614794400,101.212434,101.301727,100.883454,101.052035,374.805712
1614798000,101.052035,101.487205,100.796110,101.329946,204.416265
1614801600,101.329946,101.637079,101.256194,101.540206,427.354234
1614805200,101.540206,101.654334,100.868074,100.954811,885.407053
1614808800,100.954811,101.476432,100.938731,101.452378,247.633398
1614812400,101.452378,101.459324,100.980386,101.114839,485.986701
1614816000,101.114839,101.407972,101.030514,101.315720,403.306791
1614819600,101.315720,101.504752,100.961891,101.369272,265.314511
1614823200,101.369272,101.423596,100.895825,100.944007,640.128227
1614826800,100.944007,101.151942,100.354918,100.422154,457.674838
1614830400,100.422154,100.473494,99.950855,99.971192,388.372504
1614834000,99.971192,100.038363,99.557689,99.846686,355.703864
1614837600,99.846686,99.852876,99.262787,99.312555,937.981350
1614841200,99.312555,99.508695,99.271207,99.481326,331.536219
1614844800,99.481326,99.888680,99.477854,99.817407,316.494763
1614848400,99.817407,100.136166,99.815677,100.096801,147.963894
1614852000,100.096801,100.284069,99.229195,99.268224,404.144187
1614855600,99.268224,99.654480,99.124481,99.397417,635.048414
